Rk,Player,Nation,Pos,Squad,Age,Born,90s,Gls,Sh,SoT,SoT%,Sh/90,SoT/90,G/Sh,G/SoT,PK,PKatt,Matches
1,Tammy Abraham,eng ENG,FW,it Milan,26,1997,3.3,2,8,4,50,2.39,1.2,0.25,0.5,0,0,Matches
2,Francesco Acerbi,it ITA,DF,it Inter,36,1988,8.6,1,5,2,40,0.58,0.23,0.2,0.5,0,0,Matches
3,Arijan Ademi,mk MKD,MF,hr Dinamo Zagreb,33,1991,3.2,0,6,1,16.7,1.88,0.31,0,0,0,0,Matches
4,Karim Adeyemi,de GER,MF,de Dortmund,22,2002,7.6,5,24,11,45.8,3.15,1.45,0.21,0.45,0,0,Matches
5,Amine Adli,ma MAR,"MF,FW",de Leverkusen,24,2000,2.3,0,2,2,100,0.86,0.86,0,0,0,0,Matches
6,Vasilije Adžić,me MNE,MF,it Juventus,18,2006,0.3,0,0,0,,0,0,,,0,0,Matches
7,Michel Aebischer,ch SUI,MF,it Bologna,27,1997,0.3,0,0,0,,0,0,,,0,0,Matches
8,Emanuel Aiwum,at AUT,DF,at Sturm Graz,23,2000,6,0,1,0,0,0.17,0,0,,0,0,Matches
9,Ludovic Ajorque,fr FRA,FW,fr Brest,30,1994,7.1,0,13,4,30.8,1.83,0.56,0,0,0,0,Matches
10,Manuel Akanji,ch SUI,"DF,MF",eng Manchester City,29,1995,7.2,0,3,0,0,0.42,0,0,,0,0,Matches
11,Nathan Aké,nl NED,DF,eng Manchester City,29,1995,3.2,0,2,1,50,0.63,0.32,0,0,0,0,Matches
12,Maghnes Akliouche,fr FRA,MF,fr Monaco,22,2002,8.9,2,19,8,42.1,2.12,0.89,0.11,0.25,0,0,Matches
13,Chuba Akpom,eng ENG,"FW,MF",fr Lille,28,1995,0.3,0,1,1,100,3.75,3.75,0,0,0,0,Matches
14,Kerem Aktürkoğlu,tr TUR,FW,pt Benfica,25,1998,9.4,4,21,10,47.6,2.23,1.06,0.19,0.4,0,0,Matches
15,Al-Musrati,ly LBY,MF,fr Monaco,28,1996,0.6,0,0,0,,0,0,,,0,0,Matches
16,David Alaba,at AUT,DF,es Real Madrid,32,1992,1.9,0,0,0,,0,0,,,0,0,Matches
17,Trent Alexander-Arnold,eng ENG,DF,eng Liverpool,25,1998,6.4,0,10,2,20,1.57,0.31,0,0,0,0,Matches
18,Alisson,br BRA,GK,eng Liverpool,31,1992,6.3,0,0,0,,0,0,,,0,0,Matches
19,Julián Álvarez,ar ARG,"FW,MF",es Atlético Madrid,24,2000,8.7,7,22,11,50,2.53,1.26,0.32,0.64,0,0,Matches
20,Mohamed Aly Camara,gn GUI,DF,ch Young Boys,26,1997,5.5,0,0,0,,0,0,,,0,0,Matches
21,Jordan Amavi,fr FRA,DF,fr Brest,30,1994,0.9,0,0,0,,0,0,,,0,0,Matches
22,Zeki Amdouni,ch SUI,FW,pt Benfica,23,2000,2.8,1,15,6,40,5.42,2.17,0.07,0.17,0,0,Matches
23,Benjamin André,fr FRA,MF,fr Lille,33,1990,9,0,5,1,20,0.56,0.11,0,0,0,0,Matches
24,Robert Andrich,de GER,MF,de Leverkusen,29,1994,3.1,0,1,1,100,0.33,0.33,0,0,0,0,Matches
25,Lucas Anjos,pt POR,FW,pt Sporting CP,20,2004,0.1,0,0,0,,0,0,,,0,0,Matches
Rk,Player,Nation,Pos,Squad,Age,Born,90s,Gls,Sh,SoT,SoT%,Sh/90,SoT/90,G/Sh,G/SoT,PK,PKatt,Matches
26,Waldemar Anton,de GER,DF,de Dortmund,28,1996,6.6,0,1,0,0,0.15,0,0,,0,0,Matches
27,Maximiliano Araújo,uy URU,"MF,DF",pt Sporting CP,24,2000,6.9,1,6,1,16.7,0.87,0.14,0.17,1,0,0,Matches
28,Ronald Araújo,uy URU,DF,es Barcelona,25,1999,5.8,1,5,2,40,0.86,0.34,0.2,0.5,0,0,Matches
29,Tomás Araújo,pt POR,DF,pt Benfica,22,2002,10.3,0,0,0,,0,0,,,0,0,Matches
30,Marko Arnautović,at AUT,FW,it Inter,35,1989,2.3,1,5,3,60,2.18,1.31,0.2,0.33,0,1,Matches
31,Arthur,br BRA,DF,de Leverkusen,21,2003,1.2,0,1,0,0,0.82,0,0,,0,0,Matches
32,Raúl Asencio,es ESP,DF,es Real Madrid,21,2003,8.3,0,1,0,0,0.12,0,0,,0,0,Matches
33,Marco Asensio,es ESP,"FW,MF",eng Aston Villa,28,1996,1.4,3,7,6,85.7,4.88,4.19,0.29,0.33,1,1,Matches
34,Marco Asensio,es ESP,FW,fr Paris Saint-Germain,28,1996,1.5,0,4,0,0,2.67,0,0,,0,0,Matches
35,Kristjan Asllani,al ALB,MF,it Inter,22,2002,4,0,3,1,33.3,0.76,0.25,0,0,0,0,Matches
36,Yaser Asprilla,co COL,MF,es Girona,20,2003,2.7,0,3,1,33.3,1.1,0.37,0,0,0,0,Matches
37,Zachary Athekame,ch SUI,DF,ch Young Boys,19,2004,5.5,0,2,0,0,0.36,0,0,,0,0,Matches
38,Carlos Augusto,br BRA,MF,it Inter,25,1999,7.4,0,6,3,50,0.81,0.41,0,0,0,0,Matches
39,Yann Aurel Bisseck,de GER,DF,it Inter,23,2000,7.8,0,2,1,50,0.26,0.13,0,0,0,0,Matches
40,Fredrik Aursnes,no NOR,MF,pt Benfica,28,1995,11,0,13,5,38.5,1.18,0.46,0,0,0,0,Matches
41,Irakli Azarov,ge GEO,DF,ua Shakhtar Donetsk,22,2002,1.8,0,1,0,0,0.56,0,0,,0,0,Matches
42,Ayman Azhil,ma MAR,MF,de Dortmund,23,2001,0,0,0,0,,0,0,,,0,0,Matches
43,Adam Aznou,ma MAR,DF,de Bayern Munich,18,2006,0,0,0,0,,0,0,,,0,0,Matches
44,César Azpilicueta,es ESP,DF,es Atlético Madrid,34,1989,1.3,0,0,0,,0,0,,,0,0,Matches
45,Isaac Babadi,nl NED,MF,nl PSV,19,2005,1.2,0,4,3,75,3.43,2.57,0,0,0,0,Matches
46,Alexander Bah,dk DEN,DF,pt Benfica,26,1997,5.5,1,3,1,33.3,0.54,0.18,0.33,1,0,0,Matches
47,Samson Baidoo,at AUT,DF,at RB Salzburg,20,2004,6.8,0,2,1,50,0.29,0.15,0,0,0,0,Matches
48,Leon Bailey,jm JAM,MF,eng Aston Villa,26,1997,5.8,1,9,3,33.3,1.54,0.51,0.11,0.33,0,0,Matches
49,Stefan Bajcetic,es ESP,MF,at RB Salzburg,19,2004,2.3,0,1,0,0,0.44,0,0,,0,0,Matches
50,Esmir Bajraktarevic,ba BIH,MF,nl PSV,19,2005,0.1,0,0,0,,0,0,,,0,0,Matches
Rk,Player,Nation,Pos,Squad,Age,Born,90s,Gls,Sh,SoT,SoT%,Sh/90,SoT/90,G/Sh,G/SoT,PK,PKatt,Matches
51,Kenan Bajrić,si SVN,"DF,MF",sk Slovan Bratislava,29,1994,7.9,0,0,0,,0,0,,,0,0,Matches
52,Johan Bakayoko,be BEL,"FW,MF",nl PSV,21,2003,9.5,2,27,10,37,2.83,1.05,0.07,0.2,0,0,Matches
53,Mitchel Bakker,nl NED,"MF,DF",fr Lille,24,2000,4.7,1,4,3,75,0.86,0.64,0.25,0.33,0,0,Matches
54,Alejandro Balde,es ESP,DF,es Barcelona,20,2003,8.9,0,2,0,0,0.22,0,0,,0,0,Matches
55,David von Ballmoos,ch SUI,GK,ch Young Boys,29,1994,4,0,0,0,,0,0,,,0,0,Matches
56,Folarin Balogun,us USA,FW,fr Monaco,23,2001,1,0,5,3,60,4.79,2.87,0,0,0,0,Matches
57,Bradley Barcola,fr FRA,FW,fr Paris Saint-Germain,21,2002,12.1,3,31,13,41.9,2.57,1.08,0.1,0.23,0,0,Matches
58,Nicolò Barella,it ITA,MF,it Inter,27,1997,11,0,12,2,16.7,1.09,0.18,0,0,0,0,Matches
59,Ross Barkley,eng ENG,MF,eng Aston Villa,30,1993,1.1,1,1,1,100,0.87,0.87,1,1,0,0,Matches
60,Leandro Barreiro Martins,lu LUX,MF,pt Benfica,24,2000,3,0,5,2,40,1.69,0.67,0,0,0,0,Matches
61,Pablo Barrios,es ESP,MF,es Atlético Madrid,21,2003,4.8,0,2,0,0,0.42,0,0,,0,0,Matches
62,Tigran Barseghyan,am ARM,"MF,FW",sk Slovan Bratislava,30,1993,6.1,1,14,4,28.6,2.3,0.66,0.07,0.25,0,0,Matches
63,Davide Bartesaghi,it ITA,MF,it Milan,18,2005,0.3,0,0,0,,0,0,,,0,0,Matches
64,Alessandro Bastoni,it ITA,DF,it Inter,25,1999,11.9,0,5,1,20,0.42,0.08,0,0,0,0,Matches
65,Martin Baturina,hr CRO,"MF,FW",hr Dinamo Zagreb,21,2003,6.9,2,11,3,27.3,1.6,0.44,0.18,0.67,0,0,Matches
66,Christoph Baumgartner,at AUT,MF,de RB Leipzig,24,1999,5.3,2,12,6,50,2.25,1.13,0.17,0.33,0,0,Matches
67,Donny van de Beek,nl NED,"MF,FW",es Girona,27,1997,5,1,4,2,50,0.8,0.4,0.25,0.5,0,0,Matches
68,Thomas Beelen,nl NED,"DF,MF",nl Feyenoord,23,2001,9.2,0,2,1,50,0.22,0.11,0,0,0,0,Matches
69,Maximilian Beier,de GER,"MF,FW",de Dortmund,21,2002,6.8,1,12,6,50,1.75,0.88,0.08,0.17,0,0,Matches
70,Raoul Bellanova,it ITA,MF,it Atalanta,24,2000,5.1,1,4,2,50,0.78,0.39,0.25,0.5,0,0,Matches
71,Jude Bellingham,eng ENG,MF,es Real Madrid,21,2003,12.6,3,17,7,41.2,1.35,0.56,0.18,0.43,0,0,Matches
72,Jeanuël Belocian,fr FRA,DF,de Leverkusen,19,2005,0.1,0,0,0,,0,0,,,0,0,Matches
73,Andrea Belotti,it ITA,FW,pt Benfica,30,1993,0.7,0,0,0,,0,0,,,0,0,Matches
74,Eliesse Ben Seghir,ma MAR,MF,fr Monaco,19,2005,6.1,2,12,4,33.3,1.98,0.66,0.17,0.5,0,0,Matches
75,Walter Benítez,ar ARG,GK,nl PSV,31,1993,11.3,0,0,0,,0,0,,,0,0,Matches
Rk,Player,Nation,Pos,Squad,Age,Born,90s,Gls,Sh,SoT,SoT%,Sh/90,SoT/90,G/Sh,G/SoT,PK,PKatt,Matches
76,Loris Benito,ch SUI,DF,ch Young Boys,32,1992,3.6,0,0,0,,0,0,,,0,0,Matches
77,Ismaël Bennacer,dz ALG,MF,it Milan,26,1997,0.8,0,1,0,0,1.22,0,0,,0,0,Matches
78,Ramy Bensebaini,dz ALG,DF,de Dortmund,29,1995,8.3,2,9,4,44.4,1.09,0.48,0.22,0.5,0,0,Matches
79,Lucas Beraldo,br BRA,DF,fr Paris Saint-Germain,20,2003,1.6,0,2,1,50,1.27,0.63,0,0,0,0,Matches
80,Thomas Berenbruch,it ITA,MF,it Inter,19,2005,0.1,0,0,0,,0,0,,,0,0,Matches
81,Paulo Bernardo,pt POR,MF,sct Celtic,22,2002,2.7,0,2,0,0,0.75,0,0,,0,0,Matches
82,Maxime Bernauer,fr FRA,DF,hr Dinamo Zagreb,26,1998,5.2,0,2,0,0,0.39,0,0,,0,0,Matches
83,Jan-Niklas Beste,de GER,"DF,MF",pt Benfica,25,1999,1.3,0,2,2,100,1.59,1.59,0,0,0,0,Matches
84,Sam Beukema,nl NED,DF,it Bologna,25,1998,7.2,0,4,1,25,0.56,0.14,0,0,0,0,Matches
85,Mads Bidstrup,dk DEN,MF,at RB Salzburg,23,2001,3.7,1,4,3,75,1.09,0.82,0.25,0.33,0,0,Matches
86,Biel,br BRA,MF,pt Sporting CP,23,2001,0.8,0,0,0,,0,0,,,0,0,Matches
87,Mika Biereth,dk DEN,FW,at Sturm Graz,21,2003,5.2,2,8,4,50,1.53,0.77,0.25,0.5,0,0,Matches
88,Mika Biereth,dk DEN,FW,fr Monaco,21,2003,0.9,0,0,0,,0,0,,,0,0,Matches
89,Justin Bijlow,nl NED,GK,nl Feyenoord,26,1998,1.4,0,0,0,,0,0,,,0,0,Matches
90,El Bilal Touré,ml MLI,FW,de Stuttgart,22,2001,1.5,1,4,1,25,2.59,0.65,0.25,1,0,0,Matches
91,Veljko Birmančević,rs SRB,FW,cz Sparta Prague,26,1998,5.5,0,16,7,43.8,2.93,1.28,0,0,0,0,Matches
92,Marco Bizot,nl NED,GK,fr Brest,33,1991,9,0,0,0,,0,0,,,0,0,Matches
93,César Blackman,pa PAN,"DF,MF",sk Slovan Bratislava,26,1998,8,0,4,1,25,0.5,0.13,0,0,0,0,Matches
94,Hendry Blank,de GER,DF,at RB Salzburg,19,2004,3.2,0,0,0,,0,0,,,0,0,Matches
95,Janis Blaswich,de GER,GK,at RB Salzburg,33,1991,4.2,0,0,0,,0,0,,,0,0,Matches
96,Daley Blind,nl NED,DF,es Girona,34,1990,3.6,0,0,0,,0,0,,,0,0,Matches
97,Lewin Blum,ch SUI,DF,ch Young Boys,23,2001,4.9,0,1,0,0,0.2,0,0,,0,0,Matches
98,Benjamin Boakye,de GER,MF,de Stuttgart,19,2005,0.1,0,0,0,,0,0,,,0,0,Matches
99,Sacha Boey,fr FRA,DF,de Bayern Munich,23,2000,1.2,0,2,1,50,1.73,0.87,0,0,0,0,Matches
100,Lamare Bogarde,nl NED,"MF,DF",eng Aston Villa,20,2004,1.6,0,0,0,,0,0,,,0,0,Matches
Rk,Player,Nation,Pos,Squad,Age,Born,90s,Gls,Sh,SoT,SoT%,Sh/90,SoT/90,G/Sh,G/SoT,PK,PKatt,Matches
101,Valerii Bondar,ua UKR,DF,ua Shakhtar Donetsk,25,1999,8,0,2,0,0,0.25,0,0,,0,0,Matches
102,Artem Bondarenko,ua UKR,MF,ua Shakhtar Donetsk,23,2000,5.1,0,5,0,0,0.97,0,0,,0,0,Matches
103,Victor Boniface,ng NGA,FW,de Leverkusen,23,2000,2.7,1,13,4,30.8,4.87,1.5,0.08,0.25,0,0,Matches
104,Olivier Boscagli,fr FRA,DF,nl PSV,26,1997,10.1,0,9,1,11.1,0.89,0.1,0,0,0,0,Matches
105,Ayyoub Bouaddi,fr FRA,MF,fr Lille,16,2007,6.9,0,2,1,50,0.29,0.14,0,0,0,0,Matches
106,Conor Bradley,nir NIR,DF,eng Liverpool,21,2003,3.1,0,2,1,50,0.65,0.32,0,0,0,0,Matches
107,Daniel Bragança,pt POR,MF,pt Sporting CP,25,1999,3.5,1,9,3,33.3,2.55,0.85,0.11,0.33,0,0,Matches
108,Julian Brandt,de GER,MF,de Dortmund,28,1996,9.7,0,13,3,23.1,1.33,0.31,0,0,0,0,Matches
109,Fabian Bredlow,de GER,GK,de Stuttgart,29,1995,1,0,0,0,,0,0,,,0,0,Matches
110,Gleison Bremer,br BRA,DF,it Juventus,27,1997,1.1,0,0,0,,0,0,,,0,0,Matches
111,Marco Brescianini,it ITA,MF,it Atalanta,24,2000,1.4,1,3,2,66.7,2.13,1.42,0.33,0.5,0,0,Matches
112,Alexandre Brito,pt POR,MF,pt Sporting CP,19,2005,0.5,0,1,0,0,2,0,0,,0,0,Matches
113,Emi Buendía,ar ARG,"FW,MF",de Leverkusen,27,1996,0.1,0,0,0,,0,0,,,0,0,Matches
114,Emi Buendía,ar ARG,MF,eng Aston Villa,27,1996,1.3,0,0,0,,0,0,,,0,0,Matches
115,Hugo Bueno,es ESP,"DF,MF",nl Feyenoord,21,2002,6.1,0,4,2,50,0.66,0.33,0,0,0,0,Matches
116,Nathan Butler-Oyedeji,eng ENG,FW,eng Arsenal,21,2003,0,0,0,0,,0,0,,,0,0,Matches
117,William Bøving,dk DEN,"MF,FW",at Sturm Graz,21,2003,7.4,0,8,4,50,1.08,0.54,0,0,0,0,Matches
118,Rémy Cabella,fr FRA,MF,fr Lille,34,1990,4.3,1,9,2,22.2,2.11,0.47,0.11,0.5,0,0,Matches
119,Arthur Cabral,br BRA,FW,pt Benfica,26,1998,0.9,1,4,1,25,4.5,1.13,0.25,1,0,0,Matches
120,Davide Calabria,it ITA,DF,it Milan,27,1996,3.5,0,4,0,0,1.15,0,0,,0,0,Matches
121,Riccardo Calafiori,it ITA,DF,eng Arsenal,22,2002,4.8,1,6,3,50,1.25,0.63,0.17,0.33,0,0,Matches
122,Hakan Çalhanoğlu,tr TUR,MF,it Inter,30,1994,9.2,4,20,5,25,2.18,0.54,0.05,0.2,3,3,Matches
123,Amady Camara,ml MLI,FW,at Sturm Graz,19,2005,1.5,0,4,2,50,2.73,1.36,0,0,0,0,Matches
124,Lamine Camara,sn SEN,MF,fr Monaco,20,2004,6.7,0,6,0,0,0.89,0,0,,0,0,Matches
125,Mahdi Camara,fr FRA,MF,fr Brest,26,1998,7.8,1,10,3,30,1.28,0.38,0.1,0.33,0,0,Matches
Rk,Player,Nation,Pos,Squad,Age,Born,90s,Gls,Sh,SoT,SoT%,Sh/90,SoT/90,G/Sh,G/SoT,PK,PKatt,Matches
126,Francesco Camarda,it ITA,FW,it Milan,16,2008,0.4,0,2,2,100,4.62,4.62,0,0,0,0,Matches
127,Eduardo Camavinga,fr FRA,MF,es Real Madrid,21,2002,5.5,0,2,0,0,0.36,0,0,,0,0,Matches
128,Andrea Cambiaso,it ITA,DF,it Juventus,24,2000,6.3,0,3,1,33.3,0.48,0.16,0,0,0,0,Matches
129,Cole Campbell,us USA,FW,de Dortmund,18,2006,0.2,0,0,0,,0,0,,,0,0,Matches
130,Emre Can,de GER,"DF,MF",de Dortmund,30,1994,10.5,2,5,2,40,0.48,0.19,0,0,2,2,Matches
131,Nicolás Capaldo,ar ARG,"MF,DF",at RB Salzburg,25,1998,5.7,0,3,0,0,0.52,0,0,,0,0,Matches
132,Diego Carlos,br BRA,DF,eng Aston Villa,31,1993,5.4,0,1,0,0,0.19,0,0,,0,0,Matches
133,Marco Carnesecchi,it ITA,GK,it Atalanta,24,2000,9,0,0,0,,0,0,,,0,0,Matches
134,Julián Carranza,ar ARG,FW,nl Feyenoord,24,2000,2.9,1,4,2,50,1.36,0.68,0.25,0.5,0,0,Matches
135,Álvaro Carreras,es ESP,DF,pt Benfica,21,2003,10,0,8,2,25,0.8,0.2,0,0,0,0,Matches
136,Cameron Carter-Vickers,us USA,DF,sct Celtic,26,1997,6.7,0,1,0,0,0.15,0,0,,0,0,Matches
137,Dani Carvajal,es ESP,DF,es Real Madrid,32,1992,2,0,1,0,0,0.5,0,0,,0,0,Matches
138,Marc Casado,es ESP,MF,es Barcelona,20,2003,7,0,5,1,20,0.71,0.14,0,0,0,0,Matches
139,Nicolò Casale,it ITA,DF,it Bologna,26,1998,2.4,0,0,0,,0,0,,,0,0,Matches
140,Matty Cash,pl POL,"DF,MF",eng Aston Villa,26,1997,5.7,0,10,3,30,1.75,0.53,0,0,0,0,Matches
141,Santiago Castro,ar ARG,FW,it Bologna,19,2004,3.7,0,5,1,20,1.34,0.27,0,0,0,0,Matches
142,Geny Catamo,mz MOZ,MF,pt Sporting CP,23,2001,5.6,1,6,2,33.3,1.07,0.36,0.17,0.5,0,0,Matches
143,Dani Ceballos,es ESP,MF,es Real Madrid,27,1996,4.5,0,2,0,0,0.44,0,0,,0,0,Matches
144,Julian Chabot,de GER,DF,de Stuttgart,26,1998,7.2,0,8,1,12.5,1.11,0.14,0,0,0,0,Matches
145,El Chadaille Bitshiabu,fr FRA,DF,de RB Leipzig,19,2005,3,0,0,0,,0,0,,,0,0,Matches
146,Miguel Chaiwa,zm ZAM,MF,ch Young Boys,20,2004,0.5,0,0,0,,0,0,,,0,0,Matches
147,Brendan Chardonnet,fr FRA,DF,fr Brest,29,1994,9,0,4,1,25,0.44,0.11,0,0,0,0,Matches
148,Anrie Chase,jp JPN,DF,de Stuttgart,20,2004,1.8,0,1,0,0,0.57,0,0,,0,0,Matches
149,Lucas Chevalier,fr FRA,GK,fr Lille,22,2001,10,0,0,0,,0,0,,,0,0,Matches
150,Federico Chiesa,it ITA,FW,eng Liverpool,26,1997,1.2,0,4,4,100,3.36,3.36,0,0,0,0,Matches
Rk,Player,Nation,Pos,Squad,Age,Born,90s,Gls,Sh,SoT,SoT%,Sh/90,SoT/90,G/Sh,G/SoT,PK,PKatt,Matches
151,Andreas Christensen,dk DEN,"DF,MF",es Barcelona,28,1996,0.1,0,0,0,,0,0,,,0,0,Matches
152,Tochi Chukwuani,dk DEN,MF,at Sturm Graz,21,2003,6.7,0,6,1,16.7,0.89,0.15,0,0,0,0,Matches
153,Carney Chukwuemeka,at AUT,MF,de Dortmund,20,2003,0.9,0,1,0,0,1.15,0,0,,0,0,Matches
154,Samuel Chukwueze,ng NGA,MF,it Milan,25,1999,3.1,0,10,2,20,3.21,0.64,0,0,0,0,Matches
155,Bobby Clark,eng ENG,MF,at RB Salzburg,19,2005,3.6,0,2,1,50,0.55,0.28,0,0,0,0,Matches
156,Silvi Clúa,es ESP,MF,es Girona,19,2005,0.9,0,0,0,,0,0,,,0,0,Matches
157,Elias Cobbaut,be BEL,DF,cz Sparta Prague,26,1997,1.7,0,0,0,,0,0,,,0,0,Matches
158,Matteo Cocchi,it ITA,DF,it Inter,17,2007,0.1,0,0,0,,0,0,,,0,0,Matches
159,Ebrima Colley,gm GAM,"MF,FW",ch Young Boys,24,2000,3.4,0,6,1,16.7,1.76,0.29,0,0,0,0,Matches
160,Kingsley Coman,fr FRA,MF,de Bayern Munich,28,1996,5.1,1,16,6,37.5,3.14,1.18,0.06,0.17,0,0,Matches
161,Francisco Conceição,pt POR,"MF,FW",it Juventus,21,2002,6.7,1,13,3,23.1,1.93,0.45,0.08,0.33,0,0,Matches
162,Abdu Conté,pt POR,"DF,MF",ch Young Boys,26,1998,0.3,0,0,0,,0,0,,,0,0,Matches
163,Tommaso Corazza,it ITA,MF,it Bologna,20,2004,0,0,0,0,,0,0,,,0,0,Matches
164,Juan Córdoba,co COL,MF,hr Dinamo Zagreb,21,2003,0.2,0,1,1,100,5.29,5.29,0,0,0,0,Matches
165,Ángel Correa,ar ARG,MF,es Atlético Madrid,29,1995,3,3,11,3,27.3,3.68,1,0.27,1,0,0,Matches
166,Grégoire Coudert,fr FRA,GK,fr Brest,25,1999,1,0,0,0,,0,0,,,0,0,Matches
167,Soumaïla Coulibaly,fr FRA,DF,fr Brest,20,2003,7.1,0,1,0,0,0.14,0,0,,0,0,Matches
168,Thibaut Courtois,be BEL,GK,es Real Madrid,32,1992,12.3,0,0,0,,0,0,,,0,0,Matches
169,Yan Couto,br BRA,"MF,DF",de Dortmund,22,2002,2.6,0,1,0,0,0.39,0,0,,0,0,Matches
170,Juan Cuadrado,co COL,MF,it Atalanta,36,1988,3.6,0,9,5,55.6,2.53,1.41,0,0,0,0,Matches
171,Pau Cubarsí,es ESP,DF,es Barcelona,17,2007,10.9,0,3,2,66.7,0.28,0.18,0,0,0,0,Matches
172,Andres Cuenca,es ESP,DF,es Barcelona,17,2007,0.1,0,0,0,,0,0,,,0,0,Matches
173,Daniel Cummings,sct SCO,FW,sct Celtic,18,2006,0.1,0,0,0,,0,0,,,0,0,Matches
174,Adam Daghim,dk DEN,FW,at RB Salzburg,18,2005,4.4,1,7,3,42.9,1.6,0.69,0.14,0.33,0,0,Matches
175,Samuel Dahl,se SWE,DF,pt Benfica,21,2003,1.7,0,2,0,0,1.15,0,0,,0,0,Matches
Rk,Player,Nation,Pos,Squad,Age,Born,90s,Gls,Sh,SoT,SoT%,Sh/90,SoT/90,G/Sh,G/SoT,PK,PKatt,Matches
176,Ameen Al-Dakhil,be BEL,DF,de Stuttgart,22,2002,1.1,0,0,0,,0,0,,,0,0,Matches
177,Dálcio,gw GNB,"FW,MF",rs Red Star,28,1996,2,0,4,0,0,1.97,0,0,,0,0,Matches
178,Thijs Dallinga,nl NED,FW,it Bologna,23,2000,4.6,1,10,6,60,2.18,1.31,0.1,0.17,0,0,Matches
179,Matteo Dams,be BEL,DF,nl PSV,20,2004,4.6,0,0,0,,0,0,,,0,0,Matches
180,Kryštof Daněk,cz CZE,FW,cz Sparta Prague,21,2003,0.6,0,0,0,,0,0,,,0,0,Matches
181,Danilo,br BRA,DF,it Juventus,33,1991,2.6,0,1,1,100,0.39,0.39,0,0,0,0,Matches
182,Arnaut Danjuma,nl NED,"FW,MF",es Girona,27,1997,4.3,1,15,3,20,3.47,0.69,0.07,0.33,0,0,Matches
183,Jayden Danns,eng ENG,FW,eng Liverpool,18,2006,0.9,0,1,0,0,1.1,0,0,,0,0,Matches
184,Matteo Darmian,it ITA,MF,it Inter,34,1989,6.1,0,4,3,75,0.65,0.49,0,0,0,0,Matches
185,Juan David Cabal,co COL,DF,it Juventus,23,2001,1.7,0,0,0,,0,0,,,0,0,Matches
186,Jonathan David,ca CAN,FW,fr Lille,24,2000,8.3,7,20,11,55,2.41,1.33,0.25,0.45,2,2,Matches
187,Alphonso Davies,ca CAN,DF,de Bayern Munich,23,2000,7.8,2,9,3,33.3,1.16,0.39,0.22,0.67,0,0,Matches
188,Kevin De Bruyne,be BEL,MF,eng Manchester City,33,1991,4.4,0,13,3,23.1,2.95,0.68,0,0,0,0,Matches
189,Maxim De Cuyper,be BEL,DF,be Club Brugge,23,2000,12,1,11,4,36.4,0.92,0.33,0.09,0.25,0,0,Matches
190,Charles De Ketelaere,be BEL,"FW,MF",it Atalanta,23,2001,7.8,4,17,10,58.8,2.19,1.29,0.18,0.3,1,1,Matches
191,Rodrigo De Paul,ar ARG,MF,es Atlético Madrid,30,1994,8.3,0,6,1,16.7,0.73,0.12,0,0,0,0,Matches
192,Giacomo De Pieri,it ITA,MF,it Inter,17,2006,0.2,0,1,0,0,6,0,0,,0,0,Matches
193,Zeno Debast,be BEL,"DF,MF",pt Sporting CP,20,2003,6.3,1,4,1,25,0.64,0.16,0.25,1,0,0,Matches
194,Amar Dedić,ba BIH,DF,at RB Salzburg,21,2002,7,0,13,4,30.8,1.86,0.57,0,0,0,0,Matches
195,Romain Del Castillo,fr FRA,FW,fr Brest,28,1996,3.5,0,4,2,50,1.13,0.57,0,0,0,0,Matches
196,Ousmane Dembélé,fr FRA,FW,fr Paris Saint-Germain,27,1997,12.9,8,64,23,35.9,4.97,1.79,0.13,0.35,0,0,Matches
197,Ermedin Demirović,ba BIH,FW,de Stuttgart,26,1998,4.5,1,20,6,30,4.43,1.33,0.05,0.17,0,0,Matches
198,Michele Di Gregorio,it ITA,GK,it Juventus,27,1997,8,0,0,0,,0,0,,,0,0,Matches
199,Ángel Di María,ar ARG,"FW,MF",pt Benfica,36,1988,6.1,1,18,7,38.9,2.97,1.16,0,0,1,1,Matches
200,Bafodé Diakité,fr FRA,DF,fr Lille,23,2001,9.5,0,0,0,,0,0,,,0,0,Matches
Rk,Player,Nation,Pos,Squad,Age,Born,90s,Gls,Sh,SoT,SoT%,Sh/90,SoT/90,G/Sh,G/SoT,PK,PKatt,Matches
201,Mamady Diambou,ml MLI,MF,at RB Salzburg,21,2002,4,0,0,0,,0,0,,,0,0,Matches
202,Rúben Dias,pt POR,"DF,MF",eng Manchester City,27,1997,5,0,0,0,,0,0,,,0,0,Matches
203,Krépin Diatta,sn SEN,DF,fr Monaco,25,1999,2.4,0,2,1,50,0.85,0.42,0,0,0,0,Matches
204,Brahim Díaz,ma MAR,"MF,FW",es Real Madrid,24,1999,5.4,2,10,7,70,1.87,1.31,0.2,0.29,0,0,Matches
205,Luis Díaz,co COL,"FW,MF",eng Liverpool,27,1997,7,3,14,7,50,2,1,0.21,0.43,0,0,Matches
206,Eric Dier,eng ENG,DF,de Bayern Munich,30,1994,3.3,1,3,1,33.3,0.91,0.3,0.33,1,0,0,Matches
207,Lucas Digne,fr FRA,DF,eng Aston Villa,31,1993,8.3,0,4,2,50,0.48,0.24,0,0,0,0,Matches
208,Federico Dimarco,it ITA,MF,it Inter,26,1997,6.3,0,11,2,18.2,1.74,0.32,0,0,0,0,Matches
209,Ousmane Diomande,ci CIV,DF,pt Sporting CP,20,2003,8.3,0,2,0,0,0.24,0,0,,0,0,Matches
210,Axel Disasi,fr FRA,DF,eng Aston Villa,26,1998,1.4,0,1,0,0,0.71,0,0,,0,0,Matches
211,Nasser Djiga,bf BFA,DF,rs Red Star,21,2002,8,1,3,1,33.3,0.37,0.12,0.33,1,0,0,Matches
212,Berat Djimsiti,al ALB,DF,it Atalanta,31,1993,7.5,1,3,2,66.7,0.4,0.27,0.33,0.5,0,0,Matches
213,Jeremy Doku,be BEL,MF,eng Manchester City,22,2002,2.1,0,4,1,25,1.87,0.47,0,0,0,0,Matches
214,Sergi Dominguez,es ESP,DF,es Barcelona,19,2005,0.4,0,0,0,,0,0,,,0,0,Matches
215,Gianluigi Donnarumma,it ITA,GK,fr Paris Saint-Germain,25,1999,15.3,0,0,0,,0,0,,,0,0,Matches
216,Nene Dorgeles,ml MLI,"FW,MF",at RB Salzburg,21,2002,5.4,0,8,3,37.5,1.49,0.56,0,0,0,0,Matches
217,Désiré Doué,fr FRA,FW,fr Paris Saint-Germain,19,2005,8.2,5,32,17,53.1,3.89,2.07,0.16,0.29,0,0,Matches
218,Kamory Doumbia,ml MLI,"MF,FW",fr Brest,21,2003,4.9,0,9,4,44.4,1.85,0.82,0,0,0,0,Matches
219,Couhaib Driouech,ma MAR,FW,nl PSV,22,2002,1.7,1,5,3,60,2.92,1.75,0.2,0.33,0,0,Matches
220,Vanja Drkušič,si SVN,DF,rs Red Star,24,1999,2,0,0,0,,0,0,,,0,0,Matches
221,Joel Drommel,nl NED,GK,nl PSV,27,1996,1,0,0,0,,0,0,,,0,0,Matches
222,Bruno Duarte,br BRA,FW,rs Red Star,28,1996,1.7,0,5,1,20,2.92,0.58,0,0,0,0,Matches
223,Denzel Dumfries,nl NED,MF,it Inter,28,1996,10.8,2,12,3,25,1.11,0.28,0.17,0.67,0,0,Matches
224,Jáder Durán,co COL,FW,eng Aston Villa,20,2003,2.7,3,14,4,28.6,5.23,1.49,0.21,0.75,0,0,Matches
225,Julien Duranville,be BEL,FW,de Dortmund,18,2006,3.3,0,5,2,40,1.5,0.6,0,0,0,0,Matches
Rk,Player,Nation,Pos,Squad,Age,Born,90s,Gls,Sh,SoT,SoT%,Sh/90,SoT/90,G/Sh,G/SoT,PK,PKatt,Matches
226,Ederson,br BRA,GK,eng Manchester City,30,1993,8,0,0,0,,0,0,,,0,0,Matches
227,Éderson,br BRA,MF,it Atalanta,25,1999,8.2,1,10,2,20,1.22,0.24,0.1,0.5,0,0,Matches
228,Marcus Edwards,eng ENG,MF,pt Sporting CP,25,1998,0.7,0,1,0,0,1.34,0,0,,0,0,Matches
229,Eguinaldo,br BRA,"FW,MF",ua Shakhtar Donetsk,19,2004,4.5,0,9,3,33.3,2,0.67,0,0,0,0,Matches
230,Meschak Elia,cd COD,"FW,MF",ch Young Boys,26,1997,1.6,0,2,0,0,1.27,0,0,,0,0,Matches
231,Harvey Elliott,eng ENG,MF,eng Liverpool,21,2003,1.9,3,4,3,75,2.11,1.58,0.75,1,0,0,Matches
232,Elif Elmas,mk MKD,"FW,MF",de RB Leipzig,24,1999,0.4,0,0,0,,0,0,,,0,0,Matches
233,Timi Elšnik,si SVN,MF,rs Red Star,26,1998,8,0,6,3,50,0.75,0.37,0,0,0,0,Matches
234,Breel Embolo,ch SUI,"FW,MF",fr Monaco,27,1997,8.3,1,19,6,31.6,2.3,0.72,0.05,0.17,0,0,Matches
235,Emerson,br BRA,DF,it Milan,25,1999,3.5,0,3,1,33.3,0.85,0.28,0,0,0,0,Matches
236,Wataru Endo,jp JPN,MF,eng Liverpool,31,1993,1.6,0,0,0,,0,0,,,0,0,Matches
237,Endrick,br BRA,FW,es Real Madrid,18,2006,1.6,1,8,2,25,5.11,1.28,0.13,0.5,0,0,Matches
238,Arne Engels,be BEL,MF,sct Celtic,20,2003,8,1,11,6,54.5,1.37,0.75,0,0,1,2,Matches
239,Luis Enrique Palma,hn HON,"FW,MF",sct Celtic,24,2000,0.4,0,0,0,,0,0,,,0,0,Matches
240,Martin Erlic,hr CRO,DF,it Bologna,26,1998,0.5,0,0,0,,0,0,,,0,0,Matches
241,Ricardo Esgaio,pt POR,"MF,DF",pt Sporting CP,31,1993,1.9,0,0,0,,0,0,,,0,0,Matches
242,Giovanni Fabbian,it ITA,MF,it Bologna,21,2003,5.4,0,8,4,50,1.47,0.73,0,0,0,0,Matches
243,Nicolò Fagioli,it ITA,MF,it Juventus,23,2001,2.3,0,6,2,33.3,2.61,0.87,0,0,0,0,Matches
244,Romain Faivre,fr FRA,"MF,FW",fr Brest,26,1998,3.4,0,1,0,0,0.29,0,0,,0,0,Matches
245,Ansu Fati,es ESP,"FW,MF",es Barcelona,21,2002,0.5,0,0,0,,0,0,,,0,0,Matches
246,João Félix,pt POR,MF,it Milan,24,1999,2,0,8,5,62.5,4,2.5,0,0,0,0,Matches
247,Lewis Ferguson,sct SCO,MF,it Bologna,24,1999,3.2,0,4,2,50,1.25,0.62,0,0,0,0,Matches
248,Edimilson Fernandes,ch SUI,MF,fr Brest,28,1996,7.2,1,6,2,33.3,0.83,0.28,0.17,0.5,0,0,Matches
249,Matias Fernandez-Pardo,be BEL,MF,fr Lille,19,2005,2.9,0,3,1,33.3,1.03,0.34,0,0,0,0,Matches
250,Ryan Flamingo,nl NED,DF,nl PSV,21,2002,9.5,3,7,3,42.9,0.73,0.31,0.43,1,0,0,Matches
Rk,Player,Nation,Pos,Squad,Age,Born,90s,Gls,Sh,SoT,SoT%,Sh/90,SoT/90,G/Sh,G/SoT,PK,PKatt,Matches
251,Phil Foden,eng ENG,MF,eng Manchester City,24,2000,7.6,3,27,12,44.4,3.54,1.57,0.11,0.25,0,0,Matches
252,Youssouf Fofana,fr FRA,MF,it Milan,25,1999,8.9,0,13,2,15.4,1.46,0.23,0,0,0,0,Matches
253,James Forrest,sct SCO,"FW,MF",sct Celtic,33,1991,0.7,0,2,0,0,2.86,0,0,,0,0,Matches
254,Héctor Fort,es ESP,DF,es Barcelona,17,2006,0.6,0,1,0,0,1.8,0,0,,0,0,Matches
255,Alejandro Francés,es ESP,DF,es Girona,21,2002,4.8,0,5,1,20,1.03,0.21,0,0,0,0,Matches
256,Lassina Franck Traoré,bf BFA,FW,ua Shakhtar Donetsk,23,2001,1.6,0,1,0,0,0.62,0,0,,0,0,Matches
257,Bartol Franjić,hr CRO,DF,ua Shakhtar Donetsk,24,2000,0.2,0,0,0,,0,0,,,0,0,Matches
258,Davide Frattesi,it ITA,MF,it Inter,24,1999,5.5,2,9,4,44.4,1.63,0.73,0.22,0.5,0,0,Matches
259,Iván Fresneda,es ESP,DF,pt Sporting CP,19,2004,2.6,0,4,1,25,1.52,0.38,0,0,0,0,Matches
260,Remo Freuler,ch SUI,MF,it Bologna,32,1992,5.6,0,1,0,0,0.18,0,0,,0,0,Matches
261,Jeremie Frimpong,nl NED,MF,de Leverkusen,23,2000,8.8,0,13,4,30.8,1.48,0.45,0,0,0,0,Matches
262,Chris Führich,de GER,MF,de Stuttgart,26,1998,5.6,1,7,5,71.4,1.25,0.89,0.14,0.2,0,0,Matches
263,Kyogo Furuhashi,jp JPN,FW,sct Celtic,29,1995,5.1,1,10,4,40,1.95,0.78,0.1,0.25,0,0,Matches
264,Matteo Gabbia,it ITA,DF,it Milan,24,1999,4.5,0,3,0,0,0.67,0,0,,0,0,Matches
265,Artur Gajdoš,sk SVK,MF,sk Slovan Bratislava,20,2004,0.2,0,1,1,100,4.74,4.74,0,0,0,0,Matches
266,Cody Gakpo,nl NED,"FW,MF",eng Liverpool,25,1999,4.1,3,13,8,61.5,3.17,1.95,0.15,0.25,1,1,Matches
267,Javi Galán,es ESP,DF,es Atlético Madrid,29,1994,5,0,2,0,0,0.4,0,0,,0,0,Matches
268,Conor Gallagher,eng ENG,MF,es Atlético Madrid,24,2000,5.2,1,5,2,40,0.96,0.38,0.2,0.5,0,0,Matches
269,Silvère Ganvoula M'Boussy,cg CGO,FW,ch Young Boys,28,1996,5.4,1,13,6,46.2,2.41,1.11,0.08,0.17,0,0,Matches
270,Aleix García,es ESP,MF,de Leverkusen,27,1997,4,1,7,4,57.1,1.73,0.99,0.14,0.25,0,0,Matches
271,Eric García,es ESP,"DF,MF",es Barcelona,23,2001,3.1,2,4,3,75,1.3,0.98,0.5,0.67,0,0,Matches
272,Fran Garcia,es ESP,DF,es Real Madrid,24,1999,3,0,0,0,,0,0,,,0,0,Matches
273,Jastin García,es ESP,FW,es Girona,20,2004,0.1,0,0,0,,0,0,,,0,0,Matches
274,Federico Gatti,it ITA,DF,it Juventus,26,1998,8.9,0,3,1,33.3,0.34,0.11,0,0,0,0,Matches
275,Gavi,es ESP,MF,es Barcelona,19,2004,3.3,0,3,1,33.3,0.9,0.3,0,0,0,0,Matches
Rk,Player,Nation,Pos,Squad,Age,Born,90s,Gls,Sh,SoT,SoT%,Sh/90,SoT/90,G/Sh,G/SoT,PK,PKatt,Matches
276,Jusuf Gazibegović,ba BIH,DF,at Sturm Graz,24,2000,5,0,5,3,60,1,0.6,0,0,0,0,Matches
277,Paulo Gazzaniga,ar ARG,GK,es Girona,32,1992,7,0,0,0,,0,0,,,0,0,Matches
278,Viggo Gebel,de GER,MF,de RB Leipzig,16,2007,0.1,0,0,0,,0,0,,,0,0,Matches
279,Lutsharel Geertruida,nl NED,"DF,MF",de RB Leipzig,24,2000,6.9,0,1,1,100,0.15,0.15,0,0,0,0,Matches
280,Niklas Geyrhofer,at AUT,DF,at Sturm Graz,24,2000,5,0,2,0,0,0.4,0,0,,0,0,Matches
281,Alaa Ghram,tn TUN,DF,ua Shakhtar Donetsk,23,2001,1.5,0,0,0,,0,0,,,0,0,Matches
282,Bryan Gil,es ESP,MF,es Girona,23,2001,5,0,4,1,25,0.81,0.2,0,0,0,0,Matches
283,Santiago Giménez,mx MEX,FW,nl Feyenoord,23,2001,3.3,5,8,7,87.5,2.45,2.14,0.5,0.57,1,1,Matches
284,Santiago Giménez,mx MEX,FW,it Milan,23,2001,1.7,1,3,1,33.3,1.78,0.59,0.33,1,0,0,Matches
285,Jamie Gittens,eng ENG,"MF,FW",de Dortmund,19,2004,9.4,4,23,7,30.4,2.45,0.75,0.17,0.57,0,0,Matches
286,Omri Glazer,il ISR,GK,rs Red Star,28,1996,3,0,0,0,,0,0,,,0,0,Matches
287,Oscar Gloukh,il ISR,"FW,MF",at RB Salzburg,20,2004,7.5,0,9,2,22.2,1.19,0.27,0,0,0,0,Matches
288,Serge Gnabry,de GER,MF,de Bayern Munich,29,1995,6.1,0,16,9,56.3,2.61,1.47,0,0,0,0,Matches
289,Ben Godfrey,eng ENG,"DF,MF",it Atalanta,26,1998,0.2,0,0,0,,0,0,,,0,0,Matches
290,Aleksandr Golovin,ru RUS,MF,fr Monaco,28,1996,6.4,0,8,2,25,1.25,0.31,0,0,0,0,Matches
291,André Gomes,pt POR,MF,fr Lille,31,1993,0.2,0,0,0,,0,0,,,0,0,Matches
292,Angel Gomes,eng ENG,MF,fr Lille,23,2000,1.8,1,1,1,100,0.57,0.57,1,1,0,0,Matches
293,Marlon Gomes,br BRA,MF,ua Shakhtar Donetsk,20,2003,3.2,1,3,1,33.3,0.94,0.31,0.33,1,0,0,Matches
294,Joe Gomez,eng ENG,DF,eng Liverpool,27,1997,1.4,0,1,1,100,0.74,0.74,0,0,0,0,Matches
295,Pedro Gonçalves,pt POR,MF,pt Sporting CP,26,1998,2.2,0,4,2,50,1.79,0.9,0,0,0,0,Matches
296,Facundo González,uy URU,DF,nl Feyenoord,21,2003,0.1,0,0,0,,0,0,,,0,0,Matches
297,Nicolás González,es ESP,MF,eng Manchester City,22,2002,1,1,1,1,100,1,1,1,1,0,0,Matches
298,Nicolás González,ar ARG,"MF,FW",it Juventus,26,1998,4,1,10,4,40,2.49,1,0.1,0.25,0,0,Matches
299,Jon Gorenc Stanković,si SVN,MF,at Sturm Graz,28,1996,4,0,0,0,,0,0,,,0,0,Matches
300,Leon Goretzka,de GER,MF,de Bayern Munich,29,1995,9.3,1,15,6,40,1.61,0.64,0.07,0.17,0,0,Matches
Rk,Player,Nation,Pos,Squad,Age,Born,90s,Gls,Sh,SoT,SoT%,Sh/90,SoT/90,G/Sh,G/SoT,PK,PKatt,Matches
301,Lucas Gourna-Douath,fr FRA,MF,at RB Salzburg,20,2003,3.3,0,0,0,,0,0,,,0,0,Matches
302,Ryan Gravenberch,nl NED,MF,eng Liverpool,22,2002,8.7,0,1,0,0,0.11,0,0,,0,0,Matches
303,Jack Grealish,eng ENG,"MF,FW",eng Manchester City,28,1995,3.9,1,7,1,14.3,1.78,0.25,0.14,1,0,0,Matches
304,Leon Grgic,hr CRO,FW,at Sturm Graz,18,2006,0,0,0,0,,0,0,,,0,0,Matches
305,Antoine Griezmann,fr FRA,"FW,MF",es Atlético Madrid,33,1991,8.1,6,19,10,52.6,2.35,1.24,0.32,0.6,0,0,Matches
306,Álex Grimaldo,es ESP,"MF,DF",de Leverkusen,28,1995,9.6,2,23,11,47.8,2.39,1.14,0.09,0.18,0,0,Matches
307,Pascal Groß,de GER,"MF,DF",de Dortmund,33,1991,10.2,1,9,4,44.4,0.89,0.39,0.11,0.25,0,0,Matches
308,Gabriel Gudmundsson,se SWE,"DF,MF",fr Lille,25,1999,5.4,0,4,1,25,0.74,0.18,0,0,0,0,Matches
309,Raphaël Guerreiro,pt POR,"DF,MF",de Bayern Munich,30,1993,5.8,1,6,2,33.3,1.04,0.35,0.17,0.5,0,0,Matches
310,Daouda Guindo,ml MLI,DF,at RB Salzburg,21,2002,1.7,1,1,1,100,0.58,0.58,1,1,0,0,Matches
311,Serhou Guirassy,gn GUI,FW,de Dortmund,28,1996,12,13,41,26,63.4,3.41,2.16,0.2,0.31,5,6,Matches
312,Péter Gulácsi,hu HUN,GK,de RB Leipzig,34,1990,6,0,0,0,,0,0,,,0,0,Matches
313,Arda Güler,tr TUR,MF,es Real Madrid,19,2005,1.6,0,7,1,14.3,4.29,0.61,0,0,0,0,Matches
314,İlkay Gündoğan,de GER,"MF,FW",eng Manchester City,33,1990,5.8,2,15,5,33.3,2.58,0.86,0.13,0.4,0,0,Matches
315,Ivan Guteša,rs SRB,GK,rs Red Star,22,2002,3,0,0,0,,0,0,,,0,0,Matches
316,Miguel Gutiérrez,es ESP,"MF,DF",es Girona,23,2001,6,1,7,3,42.9,1.17,0.5,0.14,0.33,0,0,Matches
317,Joško Gvardiol,hr CRO,DF,eng Manchester City,22,2002,9,0,5,1,20,0.55,0.11,0,0,0,0,Matches
318,Viktor Gyökeres,se SWE,FW,pt Sporting CP,26,1998,6.8,6,24,11,45.8,3.55,1.63,0.17,0.36,2,2,Matches
319,Erling Haaland,no NOR,"FW,MF",eng Manchester City,24,2000,8.5,8,39,21,53.8,4.56,2.46,0.15,0.29,2,3,Matches
320,Anis Hadj Moussa,dz ALG,"FW,MF",nl Feyenoord,22,2002,8.7,3,9,5,55.6,1.03,0.57,0.33,0.6,0,0,Matches
321,Jaouen Hadjam,dz ALG,DF,ch Young Boys,21,2003,5.3,0,4,0,0,0.75,0,0,,0,0,Matches
322,Amadou Haidara,ml MLI,MF,de RB Leipzig,26,1998,6.5,0,5,2,40,0.77,0.31,0,0,0,0,Matches
323,Massadio Haïdara,ml MLI,DF,fr Brest,31,1992,6.8,0,2,0,0,0.29,0,0,,0,0,Matches
324,Achraf Hakimi,ma MAR,DF,fr Paris Saint-Germain,25,1998,17.1,4,36,15,41.7,2.1,0.88,0.11,0.27,0,0,Matches
325,Dávid Hancko,sk SVK,DF,nl Feyenoord,26,1997,12,1,14,1,7.1,1.17,0.08,0.07,1,0,0,Matches
Rk,Player,Nation,Pos,Squad,Age,Born,90s,Gls,Sh,SoT,SoT%,Sh/90,SoT/90,G/Sh,G/SoT,PK,PKatt,Matches
326,Hákon Haraldsson,is ISL,"MF,FW",fr Lille,21,2003,3.4,2,7,3,42.9,2.06,0.88,0.29,0.67,0,0,Matches
327,Lukáš Haraslín,sk SVK,FW,cz Sparta Prague,28,1996,2.9,0,7,2,28.6,2.4,0.68,0,0,0,0,Matches
328,Conrad Harder,dk DEN,FW,pt Sporting CP,19,2005,3.6,1,17,8,47.1,4.69,2.21,0.06,0.13,0,0,Matches
329,Reo Hatate,jp JPN,MF,sct Celtic,26,1997,8.7,1,20,6,30,2.3,0.69,0.05,0.17,0,0,Matches
330,Kai Havertz,de GER,"FW,MF",eng Arsenal,25,1999,6.2,4,15,7,46.7,2.41,1.12,0.27,0.57,0,0,Matches
331,Benjamin Henrichs,de GER,DF,de RB Leipzig,27,1997,5.3,0,9,3,33.3,1.71,0.57,0,0,0,0,Matches
332,Pedro Henrique,br BRA,DF,ua Shakhtar Donetsk,22,2002,5,0,1,0,0,0.2,0,0,,0,0,Matches
333,Mario Hermoso,es ESP,DF,de Leverkusen,29,1995,1.4,0,0,0,,0,0,,,0,0,Matches
334,Lucas Hernández,fr FRA,DF,fr Paris Saint-Germain,28,1996,1.3,0,0,0,,0,0,,,0,0,Matches
335,Theo Hernández,fr FRA,DF,it Milan,26,1997,9.6,0,17,2,11.8,1.78,0.21,0,0,0,0,Matches
336,Yangel Herrera,ve VEN,MF,es Girona,26,1998,3.8,0,9,2,22.2,2.38,0.53,0,0,0,0,Matches
337,Isak Hien,se SWE,DF,it Atalanta,25,1999,7.9,0,5,0,0,0.63,0,0,,0,0,Matches
338,Stefan Hierländer,at AUT,MF,at Sturm Graz,33,1991,0.4,0,1,0,0,2.57,0,0,,0,0,Matches
339,Piero Hincapié,ec ECU,DF,de Leverkusen,22,2002,8.6,1,5,2,40,0.58,0.23,0.2,0.5,0,0,Matches
340,Morten Hjulmand,dk DEN,MF,pt Sporting CP,25,1999,8.5,0,5,2,40,0.59,0.24,0,0,0,0,Matches
341,Jonas Hofmann,de GER,MF,de Leverkusen,32,1992,1.5,0,1,0,0,0.68,0,0,,0,0,Matches
342,Emil Holm,se SWE,DF,it Bologna,24,2000,2.6,0,0,0,,0,0,,,0,0,Matches
343,Tomi Horvat,si SVN,MF,at Sturm Graz,25,1999,2.2,0,3,0,0,1.39,0,0,,0,0,Matches
344,Arbër Hoxha,al ALB,MF,hr Dinamo Zagreb,25,1998,0.7,0,2,0,0,2.77,0,0,,0,0,Matches
345,Lukáš Hrádecký,fi FIN,GK,de Leverkusen,34,1989,4,0,0,0,,0,0,,,0,0,Matches
346,Yang Hyunjun,kr KOR,FW,sct Celtic,22,2002,1.7,0,3,0,0,1.72,0,0,,0,0,Matches
347,Arijon Ibrahimović,de GER,MF,de Bayern Munich,18,2005,0,0,0,0,,0,0,,,0,0,Matches
348,Adam Idah,ie IRL,FW,sct Celtic,23,2001,3.8,3,9,6,66.7,2.38,1.58,0.33,0.5,0,0,Matches
349,Danylo Ihnatenko,ua UKR,MF,sk Slovan Bratislava,27,1997,3.7,0,2,1,50,0.55,0.27,0,0,0,0,Matches
350,George Ilenikhena,ng NGA,FW,fr Monaco,17,2006,1.3,2,4,2,50,3.19,1.59,0.5,1,0,0,Matches
Rk,Player,Nation,Pos,Squad,Age,Born,90s,Gls,Sh,SoT,SoT%,Sh/90,SoT/90,G/Sh,G/SoT,PK,PKatt,Matches
351,Luka Ilić,rs SRB,MF,rs Red Star,25,1999,1,0,2,0,0,2.02,0,0,,0,0,Matches
352,Marko Ilić,rs SRB,GK,rs Red Star,26,1998,2,0,0,0,,0,0,,,0,0,Matches
353,Samuel Iling-Junior,eng ENG,MF,it Bologna,20,2003,3.9,1,4,1,25,1.03,0.26,0.25,1,0,0,Matches
354,Kastriot Imeri,ch SUI,MF,ch Young Boys,24,2000,3.4,1,4,1,25,1.18,0.3,0.25,1,0,0,Matches
355,Hwang In-beom,kr KOR,MF,nl Feyenoord,27,1996,6.3,0,6,2,33.3,0.95,0.32,0,0,0,0,Matches
356,Gonçalo Inácio,pt POR,DF,pt Sporting CP,22,2001,5.4,1,6,2,33.3,1.11,0.37,0.17,0.5,0,0,Matches
357,Ismaily,br BRA,DF,fr Lille,34,1990,2.5,0,2,1,50,0.8,0.4,0,0,0,0,Matches
358,Franco Israel,uy URU,GK,pt Sporting CP,24,2000,8,0,0,0,,0,0,,,0,0,Matches
359,Hiroki Ito,jp JPN,DF,de Bayern Munich,25,1999,0.4,0,0,0,,0,0,,,0,0,Matches
360,Cedric Itten,ch SUI,FW,ch Young Boys,27,1996,2.6,0,5,1,20,1.92,0.38,0,0,0,0,Matches
361,Mirko Ivanić,me MNE,MF,rs Red Star,30,1993,3.9,1,12,5,41.7,3.11,1.3,0.08,0.2,0,0,Matches
362,Luka Ivanušec,hr CRO,MF,nl Feyenoord,25,1998,2,0,2,0,0,1.01,0,0,,0,0,Matches
363,Leon Jakirovic,hr CRO,FW,hr Dinamo Zagreb,16,2008,0,0,0,0,,0,0,,,0,0,Matches
364,Ardon Jashari,ch SUI,MF,be Club Brugge,22,2002,10.5,0,8,2,25,0.76,0.19,0,0,0,0,Matches
365,Seedy Jatta,no NOR,"FW,MF",at Sturm Graz,21,2003,4.2,0,2,2,100,0.47,0.47,0,0,0,0,Matches
366,Gabriel Jesus,br BRA,"FW,MF",eng Arsenal,27,1997,2.9,0,8,4,50,2.79,1.4,0,0,0,0,Matches
367,Alistair Johnston,ca CAN,DF,sct Celtic,25,1998,9.3,0,3,2,66.7,0.32,0.22,0,0,0,0,Matches
368,Max Johnston,sct SCO,DF,at Sturm Graz,20,2003,3.9,0,0,0,,0,0,,,0,0,Matches
369,Curtis Jones,eng ENG,MF,eng Liverpool,23,2001,3.9,0,8,2,25,2.05,0.51,0,0,0,0,Matches
370,Frenkie de Jong,nl NED,MF,es Barcelona,27,1997,8.9,0,4,0,0,0.45,0,0,,0,0,Matches
371,Luuk de Jong,nl NED,FW,nl PSV,33,1990,10,2,25,9,36,2.49,0.9,0.08,0.22,0,0,Matches
372,Jorginho,it ITA,MF,eng Arsenal,32,1991,3.6,1,1,1,100,0.28,0.28,0,0,1,1,Matches
373,Jota,pt POR,FW,sct Celtic,25,1999,0.9,0,1,0,0,1.06,0,0,,0,0,Matches
374,Diogo Jota,pt POR,FW,eng Liverpool,27,1996,2.6,0,5,1,20,1.91,0.38,0,0,0,0,Matches
375,Juanpe,es ESP,DF,es Girona,33,1991,4.3,1,1,1,100,0.23,0.23,1,1,0,0,Matches
Rk,Player,Nation,Pos,Squad,Age,Born,90s,Gls,Sh,SoT,SoT%,Sh/90,SoT/90,G/Sh,G/SoT,PK,PKatt,Matches
376,Mauro Júnior,br BRA,"DF,MF",nl PSV,25,1999,9.2,0,7,1,14.3,0.76,0.11,0,0,0,0,Matches
377,Vinicius Júnior,br BRA,FW,es Real Madrid,24,2000,12.3,8,42,18,42.9,3.43,1.47,0.17,0.39,1,2,Matches
378,Ferran Jutglà,es ESP,FW,be Club Brugge,25,1999,9.4,2,16,5,31.3,1.7,0.53,0.13,0.4,0,0,Matches
379,Issa Kaboré,bf BFA,DF,pt Benfica,23,2001,1.1,0,0,0,,0,0,,,0,0,Matches
380,Lukas Kačavenda,hr CRO,"MF,FW",hr Dinamo Zagreb,21,2003,2.4,0,1,1,100,0.41,0.41,0,0,0,0,Matches
381,Kaan Kairinen,fi FIN,MF,cz Sparta Prague,25,1998,7.9,2,5,3,60,0.63,0.38,0.4,0.67,0,0,Matches
382,Pierre Kalulu,fr FRA,DF,it Juventus,24,2000,7.2,0,1,0,0,0.14,0,0,,0,0,Matches
383,Boubacar Kamara,fr FRA,"MF,DF",eng Aston Villa,24,1999,7.8,0,2,1,50,0.26,0.13,0,0,0,0,Matches
384,Kevin Kampl,si SVN,MF,de RB Leipzig,33,1990,2.9,0,2,0,0,0.68,0,0,,0,0,Matches
385,Harry Kane,eng ENG,FW,de Bayern Munich,31,1993,12.4,11,50,25,50,4.02,2.01,0.14,0.28,4,4,Matches
386,Lee Kang-in,kr KOR,FW,fr Paris Saint-Germain,23,2001,5.2,0,10,6,60,1.92,1.15,0,0,0,0,Matches
387,Guélor Kanga,ga GAB,MF,rs Red Star,33,1990,1.6,1,3,1,33.3,1.89,0.63,0.33,1,0,0,Matches
388,Atakan Karazor,tr TUR,MF,de Stuttgart,27,1996,6.1,0,3,0,0,0.49,0,0,,0,0,Matches
389,Rick Karsdorp,nl NED,DF,nl PSV,29,1995,3.7,0,2,0,0,0.54,0,0,,0,0,Matches
390,Guram Kashia,ge GEO,DF,sk Slovan Bratislava,37,1987,7.9,0,3,1,33.3,0.38,0.13,0,0,0,0,Matches
391,Aleksandar Katai,rs SRB,"FW,MF",rs Red Star,33,1991,0.3,0,0,0,,0,0,,,0,0,Matches
392,Silas Katompa,cd COD,"MF,DF",rs Red Star,25,1998,6.9,2,12,4,33.3,1.75,0.58,0.17,0.5,0,0,Matches
393,Takumu Kawamura,jp JPN,MF,at RB Salzburg,24,1999,0.6,0,0,0,,0,0,,,0,0,Matches
394,Thilo Kehrer,de GER,DF,fr Monaco,27,1996,9.5,1,7,3,42.9,0.74,0.32,0.14,0.33,0,0,Matches
395,Yannik Keitel,de GER,MF,de Stuttgart,24,2000,1.6,1,5,1,20,3.1,0.62,0.2,1,0,0,Matches
396,Caoimhín Kelleher,ie IRL,GK,eng Liverpool,25,1998,4,0,0,0,,0,0,,,0,0,Matches
397,Marvin Keller,ch SUI,GK,ch Young Boys,22,2002,4,0,0,0,,0,0,,,0,0,Matches
398,Lloyd Kelly,eng ENG,DF,it Juventus,25,1998,2.3,0,1,0,0,0.43,0,0,,0,0,Matches
399,Kevin,br BRA,MF,ua Shakhtar Donetsk,21,2003,5.1,2,10,4,40,1.96,0.78,0.2,0.5,0,0,Matches
400,Daniil Khudiakov,ru RUS,GK,at Sturm Graz,20,2004,2,0,0,0,,0,0,,,0,0,Matches
Rk,Player,Nation,Pos,Squad,Age,Born,90s,Gls,Sh,SoT,SoT%,Sh/90,SoT/90,G/Sh,G/SoT,PK,PKatt,Matches
401,Abdukodir Khusanov,uz UZB,DF,eng Manchester City,20,2004,1,0,1,1,100,1,1,0,0,0,0,Matches
402,Joshua Kimmich,de GER,MF,de Bayern Munich,29,1995,14,0,19,9,47.4,1.36,0.64,0,0,0,0,Matches
403,Presnel Kimpembe,fr FRA,DF,fr Paris Saint-Germain,28,1995,0.2,0,0,0,,0,0,,,0,0,Matches
404,Otar Kiteishvili,ge GEO,"FW,MF",at Sturm Graz,28,1996,6.8,1,11,4,36.4,1.61,0.59,0.09,0.25,0,0,Matches
405,Jakub Kiwior,pl POL,DF,eng Arsenal,24,2000,8.6,0,3,1,33.3,0.35,0.12,0,0,0,0,Matches
406,Maurits Kjærgaard,dk DEN,MF,at RB Salzburg,21,2003,1,0,2,0,0,2,0,0,,0,0,Matches
407,Lukas Klostermann,de GER,"DF,MF",de RB Leipzig,28,1996,0.5,0,0,0,,0,0,,,0,0,Matches
408,Gregor Kobel,ch SUI,GK,de Dortmund,26,1997,13,0,0,0,,0,0,,,0,0,Matches
409,Philipp Köhn,ch SUI,GK,fr Monaco,26,1998,2,0,0,0,,0,0,,,0,0,Matches
410,Orkun Kökçü,tr TUR,MF,pt Benfica,23,2000,11,4,19,9,47.4,1.73,0.82,0.16,0.33,1,1,Matches
411,Koke,es ESP,MF,es Atlético Madrid,32,1992,4.5,0,1,0,0,0.22,0,0,,0,0,Matches
412,Sead Kolašinac,ba BIH,DF,it Atalanta,31,1993,7,1,5,2,40,0.71,0.28,0.2,0.5,0,0,Matches
413,Randal Kolo Muani,fr FRA,FW,it Juventus,25,1998,1.8,0,4,2,50,2.18,1.09,0,0,0,0,Matches
414,Randal Kolo Muani,fr FRA,"FW,MF",fr Paris Saint-Germain,25,1998,1.2,0,7,1,14.3,5.89,0.84,0,0,0,0,Matches
415,Ibrahima Konaté,fr FRA,DF,eng Liverpool,25,1999,7.2,1,2,2,100,0.28,0.28,0.5,0.5,0,0,Matches
416,Karim Konaté,ci CIV,FW,at RB Salzburg,20,2004,3.5,2,12,4,33.3,3.4,1.13,0.17,0.5,0,1,Matches
417,Yukhym Konoplia,ua UKR,DF,ua Shakhtar Donetsk,24,1999,5.2,0,3,0,0,0.58,0,0,,0,0,Matches
418,Ezri Konsa,eng ENG,DF,eng Aston Villa,26,1997,11,1,7,1,14.3,0.64,0.09,0.14,1,0,0,Matches
419,Teun Koopmeiners,nl NED,MF,it Juventus,26,1998,7.3,0,9,1,11.1,1.24,0.14,0,0,0,0,Matches
420,Odilon Kossounou,ci CIV,DF,it Atalanta,23,2001,3,0,3,0,0,1.01,0,0,,0,0,Matches
421,Jules Koundé,fr FRA,DF,es Barcelona,25,1998,12.3,0,4,2,50,0.33,0.16,0,0,0,0,Matches
422,Moussa Kounfolo Yeo,ml MLI,"FW,MF",at RB Salzburg,20,2004,3.8,0,6,0,0,1.59,0,0,,0,0,Matches
423,Mateo Kovačić,hr CRO,MF,eng Manchester City,30,1994,3.4,1,5,2,40,1.46,0.58,0.2,0.5,0,0,Matches
424,Matej Kovar,cz CZE,GK,de Leverkusen,24,2000,6,0,0,0,,0,0,,,0,0,Matches
425,Ermal Krasniqi,xk KVX,FW,cz Sparta Prague,25,1998,1.8,0,1,0,0,0.56,0,0,,0,0,Matches
Rk,Player,Nation,Pos,Squad,Age,Born,90s,Gls,Sh,SoT,SoT%,Sh/90,SoT/90,G/Sh,G/SoT,PK,PKatt,Matches
426,Ladislav Krejčí,cz CZE,DF,es Girona,25,1999,7,0,3,2,66.7,0.43,0.29,0,0,0,0,Matches
427,Rade Krunić,ba BIH,MF,rs Red Star,30,1993,7.4,1,6,2,33.3,0.81,0.27,0.17,0.5,0,0,Matches
428,Dmytro Kryskiv,ua UKR,MF,ua Shakhtar Donetsk,23,2000,7.5,0,3,0,0,0.4,0,0,,0,0,Matches
429,Juraj Kucka,sk SVK,MF,sk Slovan Bratislava,37,1987,2.8,0,1,1,100,0.36,0.36,0,0,0,0,Matches
430,Nicolas-Gerrit Kühn,de GER,FW,sct Celtic,24,2000,8.7,3,8,4,50,0.92,0.46,0.38,0.75,0,0,Matches
431,Wessel Kuhn,nl NED,DF,nl PSV,17,2006,0.2,0,0,0,,0,0,,,0,0,Matches
432,Sandro Kulenović,hr CRO,FW,hr Dinamo Zagreb,24,1999,5.5,3,8,4,50,1.45,0.73,0.38,0.75,0,0,Matches
433,Khvicha Kvaratskhelia,ge GEO,FW,fr Paris Saint-Germain,23,2001,8.1,3,30,9,30,3.68,1.11,0.1,0.33,0,0,Matches
434,Younes Lachaab,fr FRA,MF,fr Lille,19,2005,0,0,0,0,,0,0,,,0,0,Matches
435,Qazim Laçi,al ALB,MF,cz Sparta Prague,28,1996,6.7,1,8,1,12.5,1.2,0.15,0.13,1,0,0,Matches
436,Konrad Laimer,at AUT,DF,de Bayern Munich,27,1997,8.7,1,4,1,25,0.46,0.12,0.25,1,0,0,Matches
437,Kenny Lala,mg MAD,DF,fr Brest,32,1991,8,0,6,2,33.3,0.75,0.25,0,0,0,0,Matches
438,Mohamed Lamine Bayo,gn GUI,FW,fr Lille,26,1998,1.5,0,2,0,0,1.31,0,0,,0,0,Matches
439,Tygo Land,nl NED,MF,nl PSV,18,2006,1,0,0,0,,0,0,,,0,0,Matches
440,Noa Lang,nl NED,"MF,FW",nl PSV,25,1999,7.6,2,21,8,38.1,2.77,1.06,0.05,0.13,1,1,Matches
441,Sandro Lauper,ch SUI,"MF,DF",ch Young Boys,27,1996,5.8,0,6,1,16.7,1.04,0.17,0,0,0,0,Matches
442,Dimitri Lavalée,be BEL,DF,at Sturm Graz,27,1997,7,0,2,1,50,0.29,0.14,0,0,0,0,Matches
443,Julien Le Cardinal,fr FRA,DF,fr Brest,26,1997,2.8,1,2,1,50,0.7,0.35,0.5,1,0,0,Matches
444,Robin Le Normand,es ESP,DF,es Atlético Madrid,27,1996,2.6,0,1,0,0,0.39,0,0,,0,0,Matches
445,Rafael Leão,pt POR,"MF,FW",it Milan,25,1999,8.8,3,16,11,68.8,1.82,1.25,0.19,0.27,0,0,Matches
446,Richy Ledezma,mx MEX,DF,nl PSV,23,2000,6.4,0,1,0,0,0.16,0,0,,0,0,Matches
447,Pierre Lees-Melou,fr FRA,MF,fr Brest,31,1993,4.1,1,11,3,27.3,2.65,0.72,0.09,0.33,0,0,Matches
448,Thomas Lemar,fr FRA,MF,es Atlético Madrid,28,1995,0.1,0,1,0,0,9,0,0,,0,0,Matches
449,Clément Lenglet,fr FRA,DF,es Atlético Madrid,29,1995,7,0,2,0,0,0.29,0,0,,0,0,Matches
450,Robert Lewandowski,pl POL,FW,es Barcelona,35,1988,10.8,11,33,18,54.5,3.05,1.66,0.24,0.44,3,3,Matches
Rk,Player,Nation,Pos,Squad,Age,Born,90s,Gls,Sh,SoT,SoT%,Sh/90,SoT/90,G/Sh,G/SoT,PK,PKatt,Matches
451,Jamie Leweling,de GER,MF,de Stuttgart,23,2001,4.5,2,21,9,42.9,4.62,1.98,0.1,0.22,0,0,Matches
452,Rico Lewis,eng ENG,DF,eng Manchester City,19,2004,7.1,0,6,4,66.7,0.84,0.56,0,0,0,0,Matches
453,Myles Lewis-Skelly,eng ENG,DF,eng Arsenal,17,2006,6.3,0,1,1,100,0.16,0.16,0,0,0,0,Matches
454,Samuel Lino,br BRA,MF,es Atlético Madrid,24,1999,4.6,0,13,4,30.8,2.84,0.87,0,0,0,0,Matches
455,Marcos Llorente,es ESP,"DF,MF",es Atlético Madrid,29,1995,7.7,2,10,4,40,1.3,0.52,0.2,0.5,0,0,Matches
456,Manuel Locatelli,it ITA,MF,it Juventus,26,1998,7.4,0,2,1,50,0.27,0.13,0,0,0,0,Matches
457,Ruben Loftus-Cheek,eng ENG,MF,it Milan,28,1996,3.1,0,2,2,100,0.64,0.64,0,0,0,0,Matches
458,Ademola Lookman,ng NGA,"FW,MF",it Atalanta,26,1997,5.3,5,29,12,41.4,5.45,2.25,0.17,0.42,0,1,Matches
459,David López,es ESP,DF,es Girona,34,1989,4.1,1,2,1,50,0.49,0.24,0.5,1,0,0,Matches
460,Fermin López,es ESP,MF,es Barcelona,21,2003,5,1,16,8,50,3.18,1.59,0.06,0.13,0,0,Matches
461,Pau López,es ESP,GK,es Girona,29,1994,1,0,0,0,,0,0,,,0,0,Matches
462,Jordan Lotomba,ch SUI,DF,nl Feyenoord,25,1998,3.1,0,3,1,33.3,0.96,0.32,0,0,0,0,Matches
463,Hirving Lozano,mx MEX,"FW,MF",nl PSV,29,1995,0.4,0,4,1,25,10.29,2.57,0,0,0,0,Matches
464,Jhon Lucumí,co COL,DF,it Bologna,26,1998,5.9,1,3,1,33.3,0.51,0.17,0.33,1,0,0,Matches
465,Florentino Luís,pt POR,MF,pt Benfica,24,1999,7.9,0,0,0,,0,0,,,0,0,Matches
466,Douglas Luiz,br BRA,MF,it Juventus,26,1998,3.4,0,5,0,0,1.47,0,0,,0,0,Matches
467,Castello Lukeba,fr FRA,DF,de RB Leipzig,21,2002,4.2,0,1,0,0,0.24,0,0,,0,0,Matches
468,Andriy Lunin,ua UKR,GK,es Real Madrid,25,1999,2,0,0,0,,0,0,,,0,0,Matches
469,Babis Lykogiannis,gr GRE,DF,it Bologna,30,1993,4.1,0,4,1,25,0.98,0.24,0,0,0,0,Matches
470,Ian Maatsen,nl NED,DF,eng Aston Villa,22,2002,4.2,1,5,2,40,1.18,0.47,0.2,0.5,0,0,Matches
471,Alexis Mac Allister,ar ARG,MF,eng Liverpool,25,1998,7.5,2,8,3,37.5,1.07,0.4,0.25,0.67,0,0,Matches
472,Daizen Maeda,jp JPN,FW,sct Celtic,26,1997,8.4,4,15,7,46.7,1.78,0.83,0.27,0.57,0,0,Matches
473,Gabriel Magalhães,br BRA,DF,eng Arsenal,26,1997,8.9,1,10,1,10,1.12,0.11,0.1,1,0,0,Matches
474,Soungoutou Magassa,fr FRA,MF,fr Monaco,20,2003,3.2,1,2,1,50,0.63,0.31,0.5,1,0,0,Matches
475,Hugo Magnetti,fr FRA,MF,fr Brest,26,1998,7.7,1,10,3,30,1.29,0.39,0.1,0.33,0,0,Matches
Rk,Player,Nation,Pos,Squad,Age,Born,90s,Gls,Sh,SoT,SoT%,Sh/90,SoT/90,G/Sh,G/SoT,PK,PKatt,Matches
476,Mike Maignan,fr FRA,GK,it Milan,29,1995,9.6,0,0,0,,0,0,,,0,0,Matches
477,Radosław Majecki,pl POL,GK,fr Monaco,24,1999,8,0,0,0,,0,0,,,0,0,Matches
478,Róbert Mak,sk SVK,"FW,MF",sk Slovan Bratislava,33,1991,2.2,0,2,0,0,0.9,0,0,,0,0,Matches
479,Andrija Maksimović,rs SRB,MF,rs Red Star,17,2007,4.6,0,8,1,12.5,1.74,0.22,0,0,0,0,Matches
480,Tyrell Malacia,nl NED,DF,nl PSV,24,1999,2.5,0,2,0,0,0.81,0,0,,0,0,Matches
481,Jarzinho Malanga,de GER,MF,de Stuttgart,18,2006,0.4,0,1,0,0,2.31,0,0,,0,0,Matches
482,Donyell Malen,nl NED,"FW,MF",de Dortmund,25,1999,2.6,2,9,5,55.6,3.42,1.9,0.22,0.4,0,0,Matches
483,Darian Males,ch SUI,MF,ch Young Boys,23,2001,3.1,0,8,3,37.5,2.54,0.95,0,0,0,0,Matches
484,Arjan Malic,ba BIH,DF,at Sturm Graz,18,2005,2,1,2,2,100,0.98,0.98,0.5,0.5,0,0,Matches
485,Reinildo Mandava,mz MOZ,DF,es Atlético Madrid,30,1994,4.1,0,0,0,,0,0,,,0,0,Matches
486,Aïssa Mandi,dz ALG,DF,fr Lille,32,1991,3.5,0,0,0,,0,0,,,0,0,Matches
487,Nino Marcelli,sk SVK,MF,sk Slovan Bratislava,19,2005,3.7,1,8,2,25,2.18,0.54,0.13,0.5,0,0,Matches
488,José María Giménez,uy URU,DF,es Atlético Madrid,29,1995,8.3,1,6,2,33.3,0.72,0.24,0.17,0.5,0,0,Matches
489,Omar Marmoush,eg EGY,FW,eng Manchester City,25,1999,1.1,0,2,0,0,1.86,0,0,,0,0,Matches
490,Marquinhos,br BRA,DF,fr Paris Saint-Germain,30,1994,16,0,9,3,33.3,0.56,0.19,0,0,0,0,Matches
491,Gerard Martín,es ESP,DF,es Barcelona,22,2002,5,0,0,0,,0,0,,,0,0,Matches
492,Iván Martín,es ESP,MF,es Girona,25,1999,3.7,0,4,0,0,1.09,0,0,,0,0,Matches
493,Jonas Martin,fr FRA,"DF,MF",fr Brest,34,1990,0.9,0,3,3,100,3.33,3.33,0,0,0,0,Matches
494,Gabriel Martinelli,br BRA,"FW,MF",eng Arsenal,23,2001,10.4,2,21,11,52.4,2.02,1.06,0.1,0.18,0,0,Matches
495,Arnau Martinez,es ESP,"DF,MF",es Girona,21,2003,4.6,0,3,2,66.7,0.65,0.43,0,0,0,0,Matches
496,Emiliano Martínez,ar ARG,GK,eng Aston Villa,31,1992,12,0,0,0,,0,0,,,0,0,Matches
497,Iñigo Martínez,es ESP,DF,es Barcelona,33,1991,10.6,2,4,2,50,0.38,0.19,0.5,1,0,0,Matches
498,Josep Martinez,es ESP,GK,it Inter,26,1998,1,0,0,0,,0,0,,,0,0,Matches
499,Lautaro Martínez,ar ARG,FW,it Inter,26,1997,9.5,9,23,18,78.3,2.43,1.9,0.35,0.44,1,1,Matches
500,Eliot Matazo,be BEL,MF,fr Monaco,22,2002,0.3,0,1,0,0,3.33,0,0,,0,0,Matches
Rk,Player,Nation,Pos,Squad,Age,Born,90s,Gls,Sh,SoT,SoT%,Sh/90,SoT/90,G/Sh,G/SoT,PK,PKatt,Matches
501,Mykola Matviyenko,ua UKR,DF,ua Shakhtar Donetsk,28,1996,8,0,3,0,0,0.37,0,0,,0,0,Matches
502,Christian Mawissa,fr FRA,DF,fr Monaco,19,2005,3.3,0,0,0,,0,0,,,0,0,Matches
503,Senny Mayulu,fr FRA,MF,fr Paris Saint-Germain,18,2006,0.6,2,2,2,100,3.6,3.6,1,1,0,0,Matches
504,Samuel Mbangula,be BEL,MF,it Juventus,20,2004,2.5,1,4,4,100,1.59,1.59,0.25,0.25,0,0,Matches
505,Ethan Mbappé,fr FRA,MF,fr Lille,17,2006,0.9,0,2,0,0,2.31,0,0,,0,0,Matches
506,Kylian Mbappé,fr FRA,FW,es Real Madrid,25,1998,12.5,7,51,27,52.9,4.07,2.16,0.14,0.26,0,1,Matches
507,Nathanael Mbuku,cd COD,MF,hr Dinamo Zagreb,22,2002,0.2,0,0,0,,0,0,,,0,0,Matches
508,James Mcatee,eng ENG,MF,eng Manchester City,21,2002,1.2,1,6,3,50,4.91,2.45,0.17,0.33,0,0,Matches
509,James McConnell,eng ENG,MF,eng Liverpool,19,2004,1,0,0,0,,0,0,,,0,0,Matches
510,Luke McCowan,sct SCO,"FW,MF",sct Celtic,26,1997,0.6,0,1,1,100,1.76,1.76,0,0,0,0,Matches
511,John McGinn,sct SCO,MF,eng Aston Villa,29,1994,8.2,3,13,6,46.2,1.59,0.74,0.23,0.5,0,0,Matches
512,Callum McGregor,sct SCO,MF,sct Celtic,31,1993,10,0,4,2,50,0.4,0.2,0,0,0,0,Matches
513,Weston McKennie,us USA,"MF,DF",it Juventus,25,1998,6.2,3,5,4,80,0.81,0.65,0.6,0.75,0,0,Matches
514,Brandon Mechele,be BEL,DF,be Club Brugge,31,1993,12,0,5,1,20,0.42,0.08,0,0,0,0,Matches
515,Jurij Medvedev,,MF,sk Slovan Bratislava,28,1996,2.1,0,0,0,,0,0,,,0,0,Matches
516,Bjorn Meijer,nl NED,DF,be Club Brugge,21,2003,0.2,0,0,0,,0,0,,,0,0,Matches
517,John Mellberg,se SWE,DF,at RB Salzburg,18,2006,0.5,0,0,0,,0,0,,,0,0,Matches
518,Nuno Mendes,pt POR,DF,fr Paris Saint-Germain,22,2002,16.1,4,15,4,26.7,0.93,0.25,0.27,1,0,0,Matches
519,Ferland Mendy,fr FRA,DF,es Real Madrid,29,1995,9.8,0,2,2,100,0.2,0.2,0,0,0,0,Matches
520,Mikel Merino,es ESP,"FW,MF",eng Arsenal,28,1996,9.1,2,12,7,58.3,1.32,0.77,0.17,0.29,0,0,Matches
521,Idjessi Metsoko,tg TOG,FW,sk Slovan Bratislava,22,2002,1.8,1,2,2,100,1.14,1.14,0.5,0.5,0,0,Matches
522,Thomas Meunier,be BEL,DF,fr Lille,32,1991,6.8,0,8,4,50,1.17,0.58,0,0,0,0,Matches
523,Alexander Meyer,de GER,GK,de Dortmund,33,1991,1,0,0,0,,0,0,,,0,0,Matches
524,Lucas Michal,fr FRA,FW,fr Monaco,19,2005,0.4,0,0,0,,0,0,,,0,0,Matches
525,Simon Mignolet,be BEL,GK,be Club Brugge,36,1988,12,0,0,0,,0,0,,,0,0,Matches
Rk,Player,Nation,Pos,Squad,Age,Born,90s,Gls,Sh,SoT,SoT%,Sh/90,SoT/90,G/Sh,G/SoT,PK,PKatt,Matches
526,Antoni Milambo,nl NED,"MF,FW",nl Feyenoord,19,2005,8.5,3,11,4,36.4,1.3,0.47,0.27,0.75,0,0,Matches
527,Éder Militão,br BRA,DF,es Real Madrid,26,1998,3.1,0,4,0,0,1.28,0,0,,0,0,Matches
528,Enzo Millot,fr FRA,"MF,FW",de Stuttgart,22,2002,7.6,2,20,8,40,2.62,1.05,0.1,0.25,0,1,Matches
529,Milson,ao ANG,MF,rs Red Star,24,1999,1.9,2,5,2,40,2.63,1.05,0.4,1,0,0,Matches
530,Ognjen Mimovic,rs SRB,DF,rs Red Star,19,2004,4.1,0,2,1,50,0.49,0.24,0,0,0,0,Matches
531,Kim Min-jae,kr KOR,DF,de Bayern Munich,27,1996,11.8,1,3,1,33.3,0.25,0.08,0.33,1,0,0,Matches
532,Takumi Minamino,jp JPN,"MF,FW",fr Monaco,29,1995,6.3,3,13,6,46.2,2.06,0.95,0.23,0.5,0,0,Matches
533,Tyrone Mings,eng ENG,DF,eng Aston Villa,31,1993,3.4,0,1,1,100,0.29,0.29,0,0,0,0,Matches
534,Kim Minsu,kr KOR,FW,es Girona,18,2006,0.1,0,0,0,,0,0,,,0,0,Matches
535,Bojan Miovski,mk MKD,FW,es Girona,25,1999,3,0,6,5,83.3,1.98,1.65,0,0,0,1,Matches
536,Juan Miranda,es ESP,DF,it Bologna,24,2000,3.4,0,1,0,0,0.3,0,0,,0,0,Matches
537,Josip Mišić,hr CRO,MF,hr Dinamo Zagreb,30,1994,5.4,0,4,0,0,0.75,0,0,,0,0,Matches
538,Jeyland Mitchell,cr CRC,DF,nl Feyenoord,19,2004,2.1,0,1,0,0,0.49,0,0,,0,0,Matches
539,Maximilian Mittelstädt,de GER,DF,de Stuttgart,27,1997,7.8,0,4,2,50,0.51,0.26,0,0,0,0,Matches
540,Henrikh Mkhitaryan,am ARM,MF,it Inter,35,1989,9.5,0,13,3,23.1,1.37,0.32,0,0,0,0,Matches
541,Samy Mmaee,ma MAR,DF,hr Dinamo Zagreb,27,1996,3,0,0,0,,0,0,,,0,0,Matches
542,Jakub Moder,pl POL,MF,nl Feyenoord,25,1999,4,1,4,2,50,1,0.5,0,0,1,1,Matches
543,Luka Modrić,hr CRO,MF,es Real Madrid,38,1985,7.2,0,3,2,66.7,0.42,0.28,0,0,0,0,Matches
544,Nahuel Molina,ar ARG,DF,es Atlético Madrid,26,1998,4.8,1,1,1,100,0.21,0.21,1,1,0,0,Matches
545,Joel Monteiro,ch SUI,"MF,FW",ch Young Boys,24,1999,6.9,0,10,1,10,1.44,0.14,0,0,0,0,Matches
546,Álvaro Morata,es ESP,FW,it Milan,31,1992,4.3,1,7,3,42.9,1.61,0.69,0.14,0.33,0,0,Matches
547,Afonso Moreira,pt POR,FW,pt Sporting CP,19,2005,0.4,0,1,0,0,2.57,0,0,,0,0,Matches
548,Leandro Morgalla,de GER,DF,at RB Salzburg,19,2004,0.9,0,1,0,0,1.08,0,0,,0,0,Matches
549,Hidemasa Morita,jp JPN,MF,pt Sporting CP,29,1995,4.1,0,2,1,50,0.48,0.24,0,0,0,0,Matches
550,Nikola Moro,hr CRO,MF,it Bologna,26,1998,4.2,0,4,1,25,0.94,0.24,0,0,0,0,Matches
Rk,Player,Nation,Pos,Squad,Age,Born,90s,Gls,Sh,SoT,SoT%,Sh/90,SoT/90,G/Sh,G/SoT,PK,PKatt,Matches
551,Tyler Morton,eng ENG,MF,eng Liverpool,21,2002,0.4,0,1,1,100,2.31,2.31,0,0,0,0,Matches
552,Ngal'Ayel Mukau,cd COD,MF,fr Lille,19,2004,6.3,2,5,3,60,0.8,0.48,0.4,0.67,0,0,Matches
553,Nordi Mukiele,fr FRA,DF,de Leverkusen,26,1997,4,1,5,1,20,1.26,0.25,0.2,1,0,0,Matches
554,Thomas Müller,de GER,"MF,FW",de Bayern Munich,34,1989,4.1,3,14,6,42.9,3.4,1.46,0.21,0.5,0,0,Matches
555,Dane Murray,sct SCO,DF,sct Celtic,21,2003,0.1,0,0,0,,0,0,,,0,0,Matches
556,Yunus Musah,us USA,MF,it Milan,21,2002,4.6,0,5,0,0,1.09,0,0,,0,0,Matches
557,Jamal Musiala,de GER,MF,de Bayern Munich,21,2003,9.6,3,34,11,32.4,3.54,1.15,0.09,0.27,0,0,Matches
558,Alen Mustafić,ba BIH,MF,sk Slovan Bratislava,25,1999,0.4,0,0,0,,0,0,,,0,0,Matches
559,Chris Nadje,fr FRA,MF,nl Feyenoord,22,2001,1,0,1,1,100,1,1,0,0,0,0,Matches
560,Adamo Nagalo,bf BFA,DF,nl PSV,21,2002,1.6,0,1,0,0,0.62,0,0,,0,0,Matches
561,Amara Nallo,eng ENG,DF,eng Liverpool,17,2006,0,0,0,0,,0,0,,,0,0,Matches
562,Cherif Ndiaye,sn SEN,FW,rs Red Star,28,1996,6.3,2,9,3,33.3,1.43,0.48,0.11,0.33,1,1,Matches
563,Dan Ndoye,ch SUI,"MF,FW",it Bologna,23,2000,6.8,0,17,0,0,2.48,0,0,,0,0,Matches
564,Kosta Nedeljković,rs SRB,DF,eng Aston Villa,18,2005,0.3,0,0,0,,0,0,,,0,0,Matches
565,Neto,br BRA,GK,eng Arsenal,35,1989,1,0,0,0,,0,0,,,0,0,Matches
566,Manuel Neuer,de GER,GK,de Bayern Munich,38,1986,9.1,0,0,0,,0,0,,,0,0,Matches
567,João Neves,pt POR,MF,fr Paris Saint-Germain,19,2004,15.9,1,22,5,22.7,1.38,0.31,0.05,0.2,0,0,Matches
568,Ivan Nevistić,hr CRO,GK,hr Dinamo Zagreb,26,1998,5,0,0,0,,0,0,,,0,0,Matches
569,Newerton,br BRA,MF,ua Shakhtar Donetsk,19,2005,1,0,1,0,0,1.02,0,0,,0,0,Matches
570,Abdoulaye Niakhate Ndiaye,sn SEN,DF,fr Brest,22,2002,2,0,0,0,,0,0,,,0,0,Matches
571,Cheikh Niasse,sn SEN,MF,ch Young Boys,24,2000,3.8,0,2,0,0,0.53,0,0,,0,0,Matches
572,Casper Nielsen,dk DEN,MF,be Club Brugge,30,1994,1.6,1,3,2,66.7,1.89,1.26,0.33,0.5,0,0,Matches
573,Bart Nieuwkoop,nl NED,"DF,MF",nl Feyenoord,28,1996,3.9,0,3,0,0,0.78,0,0,,0,0,Matches
574,Gustaf Nilsson,se SWE,FW,be Club Brugge,27,1997,2,1,4,1,25,2.03,0.51,0,0,1,1,Matches
575,Felix Nmecha,de GER,MF,de Dortmund,23,2000,6.9,1,6,2,33.3,0.87,0.29,0.17,0.5,0,0,Matches
Rk,Player,Nation,Pos,Squad,Age,Born,90s,Gls,Sh,SoT,SoT%,Sh/90,SoT/90,G/Sh,G/SoT,PK,PKatt,Matches
576,Alexander Nübel,de GER,GK,de Stuttgart,27,1996,7,0,0,0,,0,0,,,0,0,Matches
577,Matheus Nunes,pt POR,"MF,DF",eng Manchester City,25,1998,5.9,1,5,3,60,0.85,0.51,0,0,1,1,Matches
578,Darwin Núñez,uy URU,FW,eng Liverpool,25,1999,5.2,1,15,10,66.7,2.9,1.93,0.07,0.1,0,0,Matches
579,Antonio Nusa,no NOR,MF,de RB Leipzig,19,2005,5.8,0,9,3,33.3,1.56,0.52,0,0,0,0,Matches
580,Ethan Nwaneri,eng ENG,FW,eng Arsenal,17,2007,2.5,2,11,6,54.5,4.42,2.41,0.18,0.33,0,0,Matches
581,Trey Nyoni,eng ENG,MF,eng Liverpool,17,2007,0.3,0,0,0,,0,0,,,0,0,Matches
582,Armando Obispo,cw CUW,DF,nl PSV,25,1999,2.9,0,1,0,0,0.34,0,0,,0,0,Matches
583,Jan Oblak,si SVN,GK,es Atlético Madrid,31,1993,10.3,0,0,0,,0,0,,,0,0,Matches
584,Jens Odgaard,dk DEN,"FW,MF",it Bologna,25,1999,1.4,0,2,1,50,1.38,0.69,0,0,0,0,Matches
585,Takuya Ogiwara,jp JPN,"DF,MF",hr Dinamo Zagreb,24,1999,2.5,1,2,1,50,0.81,0.4,0.5,1,0,0,Matches
586,Noah Okafor,ch SUI,MF,it Milan,24,2000,1.2,0,1,0,0,0.85,0,0,,0,0,Matches
587,Victor Olatunji,ng NGA,FW,cz Sparta Prague,24,1999,4.7,2,10,3,30,2.13,0.64,0.2,0.67,0,0,Matches
588,Peter Olayinka,ng NGA,"MF,DF",rs Red Star,28,1995,2.8,0,4,2,50,1.44,0.72,0,0,0,0,Matches
589,Michael Olise,fr FRA,MF,de Bayern Munich,22,2001,11.4,5,41,13,31.7,3.59,1.14,0.1,0.31,1,1,Matches
590,Dani Olmo,es ESP,MF,es Barcelona,26,1998,4.8,2,15,7,46.7,3.1,1.45,0.13,0.29,0,0,Matches
591,Amadou Onana,be BEL,MF,eng Aston Villa,22,2001,3,1,3,2,66.7,1,0.66,0.33,0.5,0,0,Matches
592,Raphael Onyedika,ng NGA,MF,be Club Brugge,23,2001,10.4,1,10,3,30,0.96,0.29,0.1,0.33,0,0,Matches
593,Francis Onyeka,de GER,FW,de Leverkusen,17,2007,0.2,0,0,0,,0,0,,,0,0,Matches
594,Loïs Openda,be BEL,FW,de RB Leipzig,24,2000,7.5,1,19,5,26.3,2.52,0.66,0.05,0.2,0,0,Matches
595,Fredrik Oppegard,no NOR,DF,nl PSV,21,2002,0.2,0,0,0,,0,0,,,0,0,Matches
596,Willi Orban,hu HUN,DF,de RB Leipzig,31,1992,8,0,7,3,42.9,0.87,0.37,0,0,0,0,Matches
597,Joel Ordóñez,ec ECU,DF,be Club Brugge,20,2004,11.6,0,2,1,50,0.17,0.09,0,0,0,0,Matches
598,Riccardo Orsolini,it ITA,"FW,MF",it Bologna,27,1997,3.6,0,13,4,30.8,3.62,1.11,0,0,0,0,Matches
599,Stefan Ortega,de GER,GK,eng Manchester City,31,1992,2,0,0,0,,0,0,,,0,0,Matches
600,Ibrahim Osman,gh GHA,"FW,MF",nl Feyenoord,19,2004,3.5,0,5,4,80,1.42,1.14,0,0,0,0,Matches
Rk,Player,Nation,Pos,Squad,Age,Born,90s,Gls,Sh,SoT,SoT%,Sh/90,SoT/90,G/Sh,G/SoT,PK,PKatt,Matches
601,Nicolás Otamendi,ar ARG,DF,pt Benfica,36,1988,12,1,9,2,22.2,0.75,0.17,0.11,0.5,0,0,Matches
602,Kassoum Ouattara,fr FRA,"DF,MF",fr Monaco,19,2004,0.2,0,1,0,0,4.09,0,0,,0,0,Matches
603,Assan Ouedraogo,de GER,MF,de RB Leipzig,18,2006,0.3,0,1,0,0,3.75,0,0,,0,0,Matches
604,Salih Özcan,tr TUR,MF,de Dortmund,26,1998,0.3,0,0,0,,0,0,,,0,0,Matches
605,Nico O’Reilly,eng ENG,"DF,MF",eng Manchester City,19,2005,0.1,0,0,0,,0,0,,,0,0,Matches
606,Willian Pacho,ec ECU,DF,fr Paris Saint-Germain,22,2001,17.1,0,1,0,0,0.06,0,0,,0,0,Matches
607,Igor Paixão,br BRA,FW,nl Feyenoord,24,2000,10.2,2,22,7,31.8,2.16,0.69,0.09,0.29,0,0,Matches
608,Exequiel Palacios,ar ARG,MF,de Leverkusen,25,1998,7.4,0,10,3,30,1.36,0.41,0,0,0,0,Matches
609,Marco Palestra,it ITA,MF,it Atalanta,19,2005,0.7,0,0,0,,0,0,,,0,0,Matches
610,João Palhinha,pt POR,MF,de Bayern Munich,29,1995,1.9,0,5,0,0,2.6,0,0,,0,0,Matches
611,Filip Panák,cz CZE,DF,cz Sparta Prague,28,1995,6.3,0,4,1,25,0.64,0.16,0,0,0,0,Matches
612,Thomas Partey,gh GHA,"MF,DF",eng Arsenal,31,1993,10,0,5,4,80,0.5,0.4,0,0,0,0,Matches
613,Mario Pašalić,hr CRO,MF,it Atalanta,29,1995,6.7,3,17,7,41.2,2.54,1.04,0.18,0.43,0,0,Matches
614,Rui Patrício,pt POR,GK,it Atalanta,36,1988,1,0,0,0,,0,0,,,0,0,Matches
615,Lukáš Pauschek,sk SVK,DF,sk Slovan Bratislava,31,1992,0.1,0,0,0,,0,0,,,0,0,Matches
616,Benjamin Pavard,fr FRA,DF,it Inter,28,1996,10.1,1,5,3,60,0.5,0.3,0.2,0.33,0,0,Matches
617,David Pavelka,cz CZE,DF,cz Sparta Prague,33,1991,0.1,0,0,0,,0,0,,,0,0,Matches
618,Branko Pavić,hr CRO,MF,hr Dinamo Zagreb,17,2006,0.8,0,0,0,,0,0,,,0,0,Matches
619,Vangelis Pavlidis,gr GRE,FW,pt Benfica,25,1998,9.9,7,32,18,56.3,3.22,1.81,0.16,0.28,2,2,Matches
620,Aleksandar Pavlovic,de GER,MF,de Bayern Munich,20,2004,3.2,0,0,0,,0,0,,,0,0,Matches
621,Strahinja Pavlović,rs SRB,DF,it Milan,23,2001,6,0,4,1,25,0.67,0.17,0,0,0,0,Matches
622,Pedri,es ESP,MF,es Barcelona,21,2002,12.3,0,6,1,16.7,0.49,0.08,0,0,0,0,Matches
623,Pedrinho,br BRA,"MF,FW",ua Shakhtar Donetsk,26,1998,2.3,0,6,3,50,2.63,1.32,0,0,0,0,Matches
624,Iñaki Peña,es ESP,GK,es Barcelona,25,1999,5,0,0,0,,0,0,,,0,0,Matches
625,Lukáš Penxa,,MF,cz Sparta Prague,20,2004,0,0,0,0,,0,0,,,0,0,Matches
Rk,Player,Nation,Pos,Squad,Age,Born,90s,Gls,Sh,SoT,SoT%,Sh/90,SoT/90,G/Sh,G/SoT,PK,PKatt,Matches
626,Ricardo Pepi,us USA,FW,nl PSV,21,2003,1.8,2,10,8,80,5.49,4.39,0.2,0.25,0,0,Matches
627,Mathias Pereira Lage,pt POR,"DF,MF",fr Brest,27,1996,4.2,1,14,7,50,3.37,1.68,0.07,0.14,0,0,Matches
628,Daniel Peretz,il ISR,GK,de Bayern Munich,24,2000,1,0,0,0,,0,0,,,0,0,Matches
629,Mattia Perin,it ITA,GK,it Juventus,31,1992,2.3,0,0,0,,0,0,,,0,0,Matches
630,Ivan Perišić,hr CRO,"MF,FW",nl PSV,35,1989,3.7,3,13,5,38.5,3.52,1.36,0.23,0.6,0,0,Matches
631,Jakub Pesek,cz CZE,FW,cz Sparta Prague,31,1993,1.4,0,1,0,0,0.7,0,0,,0,0,Matches
632,Bruno Petković,hr CRO,FW,hr Dinamo Zagreb,29,1994,2.1,2,4,2,50,1.87,0.93,0.5,1,0,0,Matches
633,Patric Pfeiffer,gh GHA,DF,ch Young Boys,24,1999,0.2,0,0,0,,0,0,,,0,0,Matches
634,Jaden Philogene Bidace,eng ENG,MF,eng Aston Villa,22,2002,1.3,0,1,0,0,0.74,0,0,,0,0,Matches
635,Kamil Piątkowski,pl POL,DF,at RB Salzburg,24,2000,5.3,0,1,0,0,0.19,0,0,,0,0,Matches
636,Ronaël Pierre-Gabriel,fr FRA,"DF,MF",hr Dinamo Zagreb,26,1998,5.9,0,2,0,0,0.34,0,0,,0,0,Matches
637,Marko Pjaca,hr CRO,"MF,FW",hr Dinamo Zagreb,29,1995,3.8,1,9,3,33.3,2.38,0.79,0.11,0.33,0,0,Matches
638,Tommaso Pobega,it ITA,MF,it Bologna,25,1999,2.8,1,5,3,60,1.81,1.08,0.2,0.33,0,0,Matches
639,Portu,es ESP,"FW,MF",es Girona,32,1992,1.1,0,0,0,,0,0,,,0,0,Matches
640,Stefan Posch,at AUT,DF,it Atalanta,27,1997,0.9,0,1,1,100,1.07,1.07,0,0,0,0,Matches
641,Stefan Posch,at AUT,DF,it Bologna,27,1997,5.9,0,5,0,0,0.85,0,0,,0,0,Matches
642,Yussuf Poulsen,dk DEN,FW,de RB Leipzig,30,1994,1.7,1,7,2,28.6,4.06,1.16,0.14,0.5,0,0,Matches
643,Ángelo Preciado,ec ECU,MF,cz Sparta Prague,26,1998,3,0,4,1,25,1.33,0.33,0,0,0,0,Matches
644,Egor Prutsev,ru RUS,MF,rs Red Star,21,2002,0.1,0,0,0,,0,0,,,0,0,Matches
645,Christian Pulisic,us USA,"MF,FW",it Milan,25,1998,7,4,15,10,66.7,2.15,1.43,0.27,0.4,0,0,Matches
646,Jarell Quansah,eng ENG,DF,eng Liverpool,21,2003,2.6,0,5,0,0,1.95,0,0,,0,0,Matches
647,Eduardo Quaresma,pt POR,DF,pt Sporting CP,22,2002,2.4,0,0,0,,0,0,,,0,0,Matches
648,Geovany Quenda,pt POR,MF,pt Sporting CP,17,2007,8,0,9,2,22.2,1.12,0.25,0,0,0,0,Matches
649,Nemanja Radonjić,rs SRB,MF,rs Red Star,28,1996,1.8,3,6,4,66.7,3.42,2.28,0.5,0.75,0,0,Matches
650,Anthony Ralston,sct SCO,DF,sct Celtic,25,1998,0.7,0,0,0,,0,0,,,0,0,Matches
Rk,Player,Nation,Pos,Squad,Age,Born,90s,Gls,Sh,SoT,SoT%,Sh/90,SoT/90,G/Sh,G/SoT,PK,PKatt,Matches
651,Jacobo Ramón,es ESP,DF,es Real Madrid,19,2005,0.1,0,1,0,0,6.92,0,0,,0,0,Matches
652,Gonçalo Ramos,pt POR,FW,fr Paris Saint-Germain,23,2001,2.4,3,10,5,50,4.21,2.1,0.3,0.6,0,0,Matches
653,Jacob Ramsey,eng ENG,MF,eng Aston Villa,23,2001,4.4,1,6,4,66.7,1.36,0.91,0.17,0.25,0,0,Matches
654,Raphinha,br BRA,MF,es Barcelona,27,1996,13.6,13,51,21,41.2,3.76,1.55,0.25,0.62,0,0,Matches
655,Marcus Rashford,eng ENG,"MF,FW",eng Aston Villa,26,1997,3.4,0,5,4,80,1.47,1.17,0,0,0,0,Matches
656,Petar Ratkov,rs SRB,FW,at RB Salzburg,20,2003,1,0,3,0,0,2.97,0,0,,0,0,Matches
657,David Raum,de GER,DF,de RB Leipzig,26,1998,3,0,1,0,0,0.34,0,0,,0,0,Matches
658,Federico Ravaglia,it ITA,GK,it Bologna,24,1999,1,0,0,0,,0,0,,,0,0,Matches
659,David Raya,es ESP,GK,eng Arsenal,28,1995,13,0,0,0,,0,0,,,0,0,Matches
660,Givairo Read,nl NED,DF,nl Feyenoord,18,2006,2.7,0,1,0,0,0.37,0,0,,0,0,Matches
661,Zepiqueno Redmond,nl NED,FW,nl Feyenoord,18,2006,0.9,0,1,0,0,1.14,0,0,,0,0,Matches
662,João Rêgo,pt POR,MF,pt Benfica,19,2005,0.4,0,2,0,0,5.63,0,0,,0,0,Matches
663,Tijjani Reijnders,nl NED,MF,it Milan,26,1998,9.6,3,20,9,45,2.08,0.93,0.15,0.33,0,0,Matches
664,Matheus Reis,br BRA,"DF,MF",pt Sporting CP,29,1995,4.8,0,1,0,0,0.21,0,0,,0,0,Matches
665,Mateo Retegui,it ITA,FW,it Atalanta,25,1999,6.3,3,24,10,41.7,3.8,1.58,0.13,0.3,0,1,Matches
666,Gio Reyna,us USA,MF,de Dortmund,21,2002,3.1,0,6,1,16.7,1.94,0.32,0,0,0,0,Matches
667,Alexsandro Ribeiro,br BRA,DF,fr Lille,24,1999,10,0,6,0,0,0.6,0,0,,0,0,Matches
668,Declan Rice,eng ENG,MF,eng Arsenal,25,1999,11.1,4,18,7,38.9,1.62,0.63,0.22,0.57,0,0,Matches
669,Fabian Rieder,ch SUI,MF,de Stuttgart,22,2002,2.7,1,9,2,22.2,3.31,0.73,0.11,0.5,0,0,Matches
670,Rodrigo Riquelme,es ESP,MF,es Atlético Madrid,24,2000,1.6,0,3,1,33.3,1.84,0.61,0,0,0,0,Matches
671,Stefan Ristovski,mk MKD,"DF,MF",hr Dinamo Zagreb,32,1992,7.2,0,2,0,0,0.28,0,0,,0,0,Matches
672,Dmytro Riznyk,ua UKR,GK,ua Shakhtar Donetsk,25,1999,8,0,0,0,,0,0,,,0,0,Matches
673,Andrew Robertson,sct SCO,DF,eng Liverpool,30,1994,6.1,0,3,0,0,0.49,0,0,,0,0,Matches
674,Milan Rodić,rs SRB,DF,rs Red Star,33,1991,1,0,0,0,,0,0,,,0,0,Matches
675,Rodri,es ESP,DF,eng Manchester City,28,1996,1,0,1,0,0,1,0,0,,0,0,Matches
Rk,Player,Nation,Pos,Squad,Age,Born,90s,Gls,Sh,SoT,SoT%,Sh/90,SoT/90,G/Sh,G/SoT,PK,PKatt,Matches
676,Rodrygo,br BRA,"MF,FW",es Real Madrid,23,2001,9.7,5,25,11,44,2.57,1.13,0.2,0.45,0,0,Matches
677,Marko Rog,hr CRO,MF,hr Dinamo Zagreb,29,1995,4,0,3,2,66.7,0.74,0.49,0,0,0,0,Matches
678,Morgan Rogers,eng ENG,MF,eng Aston Villa,22,2002,11.4,4,26,9,34.6,2.29,0.79,0.15,0.44,0,0,Matches
679,Benjamín Rollheiser,ar ARG,MF,pt Benfica,24,2000,1,0,2,0,0,1.94,0,0,,0,0,Matches
680,Zaid Romero,ar ARG,DF,be Club Brugge,24,1999,0.4,0,0,0,,0,0,,,0,0,Matches
681,Oriol Romeu,es ESP,MF,es Girona,32,1991,5,0,1,1,100,0.2,0.2,0,0,0,0,Matches
682,Marten de Roon,nl NED,MF,it Atalanta,33,1991,9.7,0,4,1,25,0.41,0.1,0,0,0,0,Matches
683,Mathias Ross,dk DEN,DF,cz Sparta Prague,23,2001,1,0,0,0,,0,0,,,0,0,Matches
684,Anthony Rouault,fr FRA,DF,de Stuttgart,23,2001,6.9,0,4,1,25,0.58,0.15,0,0,0,0,Matches
685,Jonas Rouhi,se SWE,DF,it Juventus,20,2004,0,0,0,0,,0,0,,,0,0,Matches
686,Albion Rrahmani,xk KVX,FW,cz Sparta Prague,23,2000,3.6,1,3,1,33.3,0.83,0.28,0.33,1,0,0,Matches
687,Antonio Rüdiger,de GER,DF,es Real Madrid,31,1993,13.2,2,8,3,37.5,0.61,0.23,0.25,0.67,0,0,Matches
688,Matteo Ruggeri,it ITA,MF,it Atalanta,22,2002,3.3,0,3,0,0,0.91,0,0,,0,0,Matches
689,Abel Ruiz,es ESP,FW,es Girona,24,2000,1.6,0,0,0,,0,0,,,0,0,Matches
690,Fabián Ruiz Peña,es ESP,MF,fr Paris Saint-Germain,28,1996,12.7,1,16,7,43.8,1.26,0.55,0.06,0.14,0,0,Matches
691,Julian Ryerson,no NOR,DF,de Dortmund,26,1997,10.6,0,5,2,40,0.47,0.19,0,0,0,0,Matches
692,Matěj Ryneš,cz CZE,MF,cz Sparta Prague,23,2001,5.8,0,3,0,0,0.52,0,0,,0,0,Matches
693,Kyriani Sabbe,be BEL,DF,be Club Brugge,19,2005,2.6,1,2,1,50,0.76,0.38,0.5,1,0,0,Matches
694,Marcel Sabitzer,at AUT,MF,de Dortmund,30,1994,9.4,0,16,3,18.8,1.71,0.32,0,0,0,0,Matches
695,Lukáš Sadílek,cz CZE,MF,cz Sparta Prague,28,1996,3.4,0,1,1,100,0.3,0.3,0,0,0,0,Matches
696,Matvei Safonov,ru RUS,GK,fr Paris Saint-Germain,25,1999,2,0,0,0,,0,0,,,0,0,Matches
697,Osame Sahraoui,ma MAR,MF,fr Lille,23,2001,5,2,6,3,50,1.19,0.59,0.33,0.67,0,0,Matches
698,Ismael Saibari,ma MAR,MF,nl PSV,23,2001,8,3,26,11,42.3,3.24,1.37,0.12,0.27,0,0,Matches
699,Bukayo Saka,eng ENG,"FW,MF",eng Arsenal,22,2001,8.4,6,23,14,60.9,2.72,1.66,0.22,0.36,1,2,Matches
700,Ibrahim Salah,ma MAR,MF,fr Brest,22,2001,0.8,0,3,0,0,3.8,0,0,,0,0,Matches
Rk,Player,Nation,Pos,Squad,Age,Born,90s,Gls,Sh,SoT,SoT%,Sh/90,SoT/90,G/Sh,G/SoT,PK,PKatt,Matches
701,Mohamed Salah,eg EGY,"FW,MF",eng Liverpool,32,1992,9,3,30,11,36.7,3.35,1.23,0.07,0.18,1,2,Matches
702,William Saliba,fr FRA,DF,eng Arsenal,23,2001,11,0,2,0,0,0.18,0,0,,0,0,Matches
703,Mohammed Salisu,gh GHA,DF,fr Monaco,25,1999,5.3,1,2,2,100,0.38,0.38,0.5,0.5,0,0,Matches
704,Lazar Samardzic,rs SRB,MF,it Atalanta,22,2002,3.3,1,13,5,38.5,3.99,1.54,0.08,0.2,0,0,Matches
705,Mama Samba Baldé,gw GNB,"MF,FW",fr Brest,28,1995,5,0,15,1,6.7,2.99,0.2,0,0,0,0,Matches
706,Renato Sanches,pt POR,MF,pt Benfica,26,1997,1.6,0,4,1,25,2.47,0.62,0,0,0,0,Matches
707,Leroy Sané,de GER,MF,de Bayern Munich,28,1996,7.1,1,29,10,34.5,4.11,1.42,0.03,0.1,0,0,Matches
708,Nuno Santos,pt POR,MF,pt Sporting CP,29,1995,1.8,1,2,1,50,1.12,0.56,0.5,1,0,0,Matches
709,Tiago Santos,pt POR,"DF,MF",fr Lille,22,2002,1.3,0,0,0,,0,0,,,0,0,Matches
710,Sávio,br BRA,"MF,FW",eng Manchester City,20,2004,6.4,1,17,4,23.5,2.66,0.62,0.06,0.25,0,0,Matches
711,Nicolò Savona,it ITA,DF,it Juventus,21,2003,4.7,0,3,1,33.3,0.63,0.21,0,0,0,0,Matches
712,Kyriakos Savvidis,gr GRE,MF,sk Slovan Bratislava,29,1995,6.7,0,1,1,100,0.15,0.15,0,0,0,0,Matches
713,Liam Scales,ie IRL,DF,sct Celtic,25,1998,4.1,1,1,1,100,0.24,0.24,1,1,0,0,Matches
714,Giorgio Scalvini,it ITA,DF,it Atalanta,20,2003,0.4,0,0,0,,0,0,,,0,0,Matches
715,Kjell Scherpen,nl NED,GK,at Sturm Graz,24,2000,6,0,0,0,,0,0,,,0,0,Matches
716,Patrik Schick,cz CZE,FW,de Leverkusen,28,1996,4.5,1,12,3,25,2.65,0.66,0.08,0.33,0,0,Matches
717,Andreas Schjelderup,no NOR,FW,pt Benfica,20,2004,4.5,0,8,1,12.5,1.79,0.22,0,0,0,0,Matches
718,Alexander Schlager,at AUT,GK,at RB Salzburg,28,1996,3.7,0,0,0,,0,0,,,0,0,Matches
719,Nico Schlotterbeck,de GER,DF,de Dortmund,24,1999,12,0,9,5,55.6,0.75,0.42,0,0,0,0,Matches
720,Jeffrey Schlupp,gh GHA,DF,sct Celtic,31,1992,1.3,0,1,0,0,0.78,0,0,,0,0,Matches
721,Kasper Schmeichel,dk DEN,GK,sct Celtic,37,1986,10,0,0,0,,0,0,,,0,0,Matches
722,Konstantin Schopp,at AUT,DF,at Sturm Graz,18,2005,0,0,0,0,,0,0,,,0,0,Matches
723,Jerdy Schouten,nl NED,MF,nl PSV,27,1997,6.3,1,3,1,33.3,0.48,0.16,0.33,1,0,0,Matches
724,Nicolas Seiwald,at AUT,"MF,DF",de RB Leipzig,23,2001,4.5,0,1,0,0,0.22,0,0,,0,0,Matches
725,Javier Serrano,es ESP,MF,es Atlético Madrid,21,2003,0.5,0,0,0,,0,0,,,0,0,Matches
Rk,Player,Nation,Pos,Squad,Age,Born,90s,Gls,Sh,SoT,SoT%,Sh/90,SoT/90,G/Sh,G/SoT,PK,PKatt,Matches
726,Benjamin Šeško,si SVN,FW,de RB Leipzig,21,2003,5.8,4,17,9,52.9,2.94,1.56,0.18,0.33,1,1,Matches
727,Adam Sevinsky,cz CZE,DF,cz Sparta Prague,20,2004,1,0,0,0,,0,0,,,0,0,Matches
728,Joaquin Seys,be BEL,DF,be Club Brugge,19,2005,8.5,0,0,0,,0,0,,,0,0,Matches
729,Danylo Sikan,ua UKR,FW,ua Shakhtar Donetsk,23,2001,2.4,1,3,2,66.7,1.23,0.82,0.33,0.5,0,0,Matches
730,André Silva,pt POR,FW,de RB Leipzig,28,1995,1,0,1,0,0,1.05,0,0,,0,0,Matches
731,António Silva,pt POR,DF,pt Benfica,20,2003,8.1,0,5,1,20,0.62,0.12,0,0,0,0,Matches
732,Bernardo Silva,pt POR,MF,eng Manchester City,29,1994,8.5,0,7,1,14.3,0.83,0.12,0,0,0,0,Matches
733,Caio Henrique Oliveira Silva,br BRA,DF,fr Monaco,27,1997,5.4,0,1,1,100,0.19,0.19,0,0,0,0,Matches
734,Rui Silva,pt POR,GK,pt Sporting CP,30,1994,2,0,0,0,,0,0,,,0,0,Matches
735,Abdallah Sima,sn SEN,FW,fr Brest,23,2001,5.6,3,16,4,25,2.83,0.71,0.19,0.75,0,0,Matches
736,Giuliano Simeone,ar ARG,"MF,DF",es Atlético Madrid,21,2002,6.3,1,8,5,62.5,1.27,0.79,0.13,0.2,0,0,Matches
737,João Simões,pt POR,MF,pt Sporting CP,17,2007,2.6,0,3,2,66.7,1.15,0.77,0,0,0,0,Matches
738,Xavi Simons,nl NED,MF,de RB Leipzig,21,2003,3.7,0,10,3,30,2.69,0.81,0,0,0,0,Matches
739,Jahmai Simpson-Pusey,eng ENG,DF,eng Manchester City,18,2005,1.2,0,0,0,,0,0,,,0,0,Matches
740,Wilfried Singo,ci CIV,DF,fr Monaco,23,2000,5.6,2,4,2,50,0.71,0.36,0.5,1,0,0,Matches
741,Hugo Siquet,be BEL,"DF,MF",be Club Brugge,22,2002,0.8,0,0,0,,0,0,,,0,0,Matches
742,Michał Skóraś,pl POL,MF,be Club Brugge,24,2000,1.3,0,1,0,0,0.74,0,0,,0,0,Matches
743,Łukasz Skorupski,pl POL,GK,it Bologna,33,1991,7,0,0,0,,0,0,,,0,0,Matches
744,Andreas Skov Olsen,dk DEN,MF,be Club Brugge,24,1999,4.1,0,10,4,40,2.46,0.98,0,0,0,0,Matches
745,Aymen Sliti,nl NED,FW,nl Feyenoord,18,2006,0.7,0,1,1,100,1.45,1.45,0,0,0,0,Matches
746,Gijs Smal,nl NED,"DF,MF",nl Feyenoord,26,1997,7.9,0,1,0,0,0.13,0,0,,0,0,Matches
747,Rhodri Smith,ch SUI,DF,ch Young Boys,17,2006,0.3,0,1,0,0,3.1,0,0,,0,0,Matches
748,Markus Solbakken,no NOR,MF,cz Sparta Prague,24,2000,1,0,1,1,100,1.03,1.03,0,0,0,0,Matches
749,Jhon Solis,co COL,MF,es Girona,19,2004,1.1,0,0,0,,0,0,,,0,0,Matches
750,Yann Sommer,ch SUI,GK,it Inter,35,1988,14.3,0,0,0,,0,0,,,0,0,Matches
Rk,Player,Nation,Pos,Squad,Age,Born,90s,Gls,Sh,SoT,SoT%,Sh/90,SoT/90,G/Sh,G/SoT,PK,PKatt,Matches
751,Uroš Spajić,rs SRB,DF,rs Red Star,31,1993,7,0,2,0,0,0.29,0,0,,0,0,Matches
752,Dario Špikić,hr CRO,"MF,FW",hr Dinamo Zagreb,25,1999,2.1,1,3,3,100,1.45,1.45,0.33,0.33,0,0,Matches
753,Jerry St. Juste,nl NED,DF,pt Sporting CP,27,1996,3.2,0,0,0,,0,0,,,0,0,Matches
754,Josip Stanišić,hr CRO,DF,de Bayern Munich,24,2000,4.7,0,5,0,0,1.07,0,0,,0,0,Matches
755,Calvin Stengs,nl NED,MF,nl Feyenoord,25,1998,0.9,0,0,0,,0,0,,,0,0,Matches
756,Pascal Stenzel,de GER,DF,de Stuttgart,28,1996,1.5,0,1,0,0,0.68,0,0,,0,0,Matches
757,Taras Stepanenko,ua UKR,MF,ua Shakhtar Donetsk,34,1989,1.4,0,0,0,,0,0,,,0,0,Matches
758,Artem Stepanov,ua UKR,FW,de Leverkusen,16,2007,0.2,0,0,0,,0,0,,,0,0,Matches
759,Leonidas Stergiou,ch SUI,DF,de Stuttgart,22,2002,0.6,0,0,0,,0,0,,,0,0,Matches
760,Raheem Sterling,eng ENG,FW,eng Arsenal,29,1994,3.3,0,6,4,66.7,1.81,1.21,0,0,0,1,Matches
761,Angelo Stiller,de GER,MF,de Stuttgart,23,2001,7.7,1,8,4,50,1.04,0.52,0.13,0.25,0,0,Matches
762,Luka Stojkovic,hr CRO,MF,hr Dinamo Zagreb,20,2003,2.9,0,6,1,16.7,2.05,0.34,0,0,0,0,Matches
763,John Stones,eng ENG,"DF,MF",eng Manchester City,30,1994,4,1,4,2,50,0.99,0.5,0.25,0.5,0,0,Matches
764,Dávid Strelec,sk SVK,FW,sk Slovan Bratislava,23,2001,7.4,2,9,3,33.3,1.21,0.4,0.11,0.33,1,1,Matches
765,Cristhian Stuani,uy URU,FW,es Girona,37,1986,3.1,0,7,4,57.1,2.23,1.27,0,0,0,1,Matches
766,Martin Suchomel,cz CZE,MF,cz Sparta Prague,21,2002,0.3,0,0,0,,0,0,,,0,0,Matches
767,Petar Sucic,hr CRO,MF,hr Dinamo Zagreb,20,2003,2.9,2,6,2,33.3,2.05,0.68,0.33,1,0,0,Matches
768,Heorhiy Sudakov,ua UKR,MF,ua Shakhtar Donetsk,21,2002,7.8,2,12,4,33.3,1.54,0.51,0.08,0.25,1,2,Matches
769,Niklas Süle,de GER,DF,de Dortmund,28,1995,3.1,0,1,1,100,0.32,0.32,0,0,0,0,Matches
770,Daniel Svensson,se SWE,"DF,MF",de Dortmund,22,2002,3.9,0,3,2,66.7,0.77,0.51,0,0,0,0,Matches
771,Wojciech Szczęsny,pl POL,GK,es Barcelona,34,1990,8.3,0,0,0,,0,0,,,0,0,Matches
772,Dominik Szoboszlai,hu HUN,MF,eng Liverpool,23,2000,7.1,1,10,3,30,1.42,0.43,0.1,0.33,0,0,Matches
773,Július Szöke,sk SVK,MF,sk Slovan Bratislava,28,1995,1.2,0,0,0,,0,0,,,0,0,Matches
774,Asger Sørensen,dk DEN,DF,cz Sparta Prague,28,1996,4,0,0,0,,0,0,,,0,0,Matches
775,Alexander Sørloth,no NOR,FW,es Atlético Madrid,28,1995,3.3,0,10,5,50,3.07,1.54,0,0,0,0,Matches
Rk,Player,Nation,Pos,Squad,Age,Born,90s,Gls,Sh,SoT,SoT%,Sh/90,SoT/90,G/Sh,G/SoT,PK,PKatt,Matches
776,Jonathan Tah,de GER,DF,de Leverkusen,28,1996,10,0,5,1,20,0.5,0.1,0,0,0,0,Matches
777,Dominik Takáč,sk SVK,GK,sk Slovan Bratislava,25,1999,8,0,0,0,,0,0,,,0,0,Matches
778,Chemsdine Talbi,ma MAR,MF,be Club Brugge,19,2005,6.1,2,10,7,70,1.64,1.15,0.2,0.29,0,0,Matches
779,Edmond Tapsoba,bf BFA,DF,de Leverkusen,25,1999,7.5,0,6,1,16.7,0.8,0.13,0,0,0,0,Matches
780,Mehdi Taremi,ir IRN,FW,it Inter,32,1992,7.9,1,10,3,30,1.26,0.38,0,0,1,1,Matches
781,Greg Taylor,sct SCO,DF,sct Celtic,26,1997,6.4,0,1,0,0,0.16,0,0,,0,0,Matches
782,Aurélien Tchouaméni,fr FRA,"MF,DF",es Real Madrid,24,2000,8.9,0,7,2,28.6,0.79,0.23,0,0,0,0,Matches
783,Mathys Tel,fr FRA,MF,de Bayern Munich,19,2005,1,0,9,3,33.3,8.8,2.93,0,0,0,0,Matches
784,Nathan Tella,ng NGA,"MF,FW",de Leverkusen,25,1999,3.6,1,12,3,25,3.29,0.82,0.08,0.33,0,0,Matches
785,Marc-André ter Stegen,de GER,GK,es Barcelona,32,1992,1,0,0,0,,0,0,,,0,0,Matches
786,Filippo Terracciano,it ITA,DF,it Milan,21,2003,0.7,0,0,0,,0,0,,,0,0,Matches
787,Martin Terrier,fr FRA,MF,de Leverkusen,27,1997,1.2,0,0,0,,0,0,,,0,0,Matches
788,Aleksa Terzić,rs SRB,DF,at RB Salzburg,24,1999,4.4,0,0,0,,0,0,,,0,0,Matches
789,Jordan Teze,nl NED,"DF,MF",fr Monaco,24,1999,0.7,0,1,0,0,1.34,0,0,,0,0,Matches
790,Kévin Théophile-Catherine,fr FRA,DF,hr Dinamo Zagreb,34,1989,7,0,2,0,0,0.29,0,0,,0,0,Matches
791,Malick Thiaw,de GER,DF,it Milan,22,2001,3.7,1,5,2,40,1.34,0.53,0.2,0.5,0,0,Matches
792,Khéphren Thuram,fr FRA,MF,it Juventus,23,2001,5.4,0,5,2,40,0.93,0.37,0,0,0,0,Matches
793,Marcus Thuram,fr FRA,FW,it Inter,26,1997,10.5,4,22,8,36.4,2.09,0.76,0.18,0.5,0,0,Matches
794,Youri Tielemans,be BEL,MF,eng Aston Villa,27,1997,11.6,2,16,7,43.8,1.38,0.61,0.13,0.29,0,0,Matches
795,Kieran Tierney,sct SCO,FW,eng Arsenal,27,1997,1.3,0,0,0,,0,0,,,0,0,Matches
796,Guus Til,nl NED,"MF,FW",nl PSV,26,1997,8.5,0,16,7,43.8,1.87,0.82,0,0,0,0,Matches
797,Malik Tillman,us USA,"MF,FW",nl PSV,22,2002,5.9,3,11,5,45.5,1.86,0.84,0.27,0.6,0,0,Matches
798,Jurriën Timber,nl NED,DF,eng Arsenal,23,2001,9.4,1,5,1,20,0.53,0.11,0.2,1,0,0,Matches
799,Quinten Timber,nl NED,MF,nl Feyenoord,23,2001,6.6,0,6,2,33.3,0.91,0.3,0,0,0,0,Matches
800,Vinicius Tobias,br BRA,DF,ua Shakhtar Donetsk,20,2004,2.3,0,1,0,0,0.43,0,0,,0,0,Matches
Rk,Player,Nation,Pos,Squad,Age,Born,90s,Gls,Sh,SoT,SoT%,Sh/90,SoT/90,G/Sh,G/SoT,PK,PKatt,Matches
801,Marko Tolić,hr CRO,MF,sk Slovan Bratislava,28,1996,5.1,1,8,2,25,1.57,0.39,0.13,0.5,0,0,Matches
802,Rafael Tolói,it ITA,DF,it Atalanta,33,1990,2.4,0,1,0,0,0.42,0,0,,0,0,Matches
803,Fikayo Tomori,eng ENG,DF,it Milan,26,1997,6.3,0,1,1,100,0.16,0.16,0,0,0,0,Matches
804,Pablo Torre,es ESP,MF,es Barcelona,21,2003,0.2,0,1,0,0,4.29,0,0,,0,0,Matches
805,Raúl Torrente,es ESP,DF,hr Dinamo Zagreb,22,2001,6,0,1,0,0,0.17,0,0,,0,0,Matches
806,Ferrán Torres,es ESP,FW,es Barcelona,24,2000,4.7,3,14,6,42.9,2.96,1.27,0.21,0.5,0,0,Matches
807,Pau Torres,es ESP,DF,eng Aston Villa,27,1997,7.6,0,4,1,25,0.53,0.13,0,0,0,0,Matches
808,Lorenzo Torriani,it ITA,GK,it Milan,19,2005,0.4,0,0,0,,0,0,,,0,0,Matches
809,Ousmane Toure,fr FRA,DF,fr Lille,19,2005,0.5,0,0,0,,0,0,,,0,0,Matches
810,Gernot Trauner,at AUT,DF,nl Feyenoord,32,1992,7.3,1,7,2,28.6,0.96,0.27,0.14,0.5,0,0,Matches
811,Francisco Trincão,pt POR,"MF,FW",pt Sporting CP,24,1999,8.7,0,17,4,23.5,1.94,0.46,0,0,0,0,Matches
812,Leandro Trossard,be BEL,FW,eng Arsenal,29,1994,7.4,2,18,5,27.8,2.43,0.67,0.11,0.4,0,1,Matches
813,Anatolii Trubin,ua UKR,GK,pt Benfica,22,2001,12,0,0,0,,0,0,,,0,0,Matches
814,Auston Trusty,us USA,DF,sct Celtic,25,1998,9.1,0,2,0,0,0.22,0,0,,0,0,Matches
815,Kostas Tsimikas,gr GRE,DF,eng Liverpool,28,1996,4.9,0,5,0,0,1.02,0,0,,0,0,Matches
816,Viktor Tsyhankov,ua UKR,MF,es Girona,26,1997,3.6,0,5,2,40,1.38,0.55,0,0,0,0,Matches
817,Indrit Tuci,al ALB,FW,cz Sparta Prague,23,2000,0.5,0,0,0,,0,0,,,0,0,Matches
818,Christos Tzolis,gr GRE,MF,be Club Brugge,22,2002,10.4,1,26,10,38.5,2.51,0.97,0.04,0.1,0,0,Matches
819,Ayase Ueda,jp JPN,FW,nl Feyenoord,25,1998,4.3,2,6,3,50,1.41,0.7,0.33,0.67,0,1,Matches
820,Filip Ugrinic,ch SUI,"MF,FW",ch Young Boys,25,1999,6.6,0,6,2,33.3,0.9,0.3,0,0,0,0,Matches
821,Sven Ulreich,de GER,GK,de Bayern Munich,35,1988,0.5,0,0,0,,0,0,,,0,0,Matches
822,Deniz Undav,de GER,"MF,FW",de Stuttgart,28,1996,4.7,1,16,4,25,3.43,0.86,0.06,0.25,0,0,Matches
823,Dayot Upamecano,fr FRA,DF,de Bayern Munich,25,1998,11,0,7,1,14.3,0.64,0.09,0,0,0,0,Matches
824,Kacper Urbanski,pl POL,MF,it Bologna,19,2004,2.3,0,4,1,25,1.71,0.43,0,0,0,0,Matches
825,Jonas Urbig,de GER,GK,de Bayern Munich,20,2003,3.4,0,0,0,,0,0,,,0,0,Matches
Rk,Player,Nation,Pos,Squad,Age,Born,90s,Gls,Sh,SoT,SoT%,Sh/90,SoT/90,G/Sh,G/SoT,PK,PKatt,Matches
826,Josha Vagnoman,de GER,"DF,MF",de Stuttgart,23,2000,6,1,7,1,14.3,1.17,0.17,0.14,1,0,0,Matches
827,Álex Valle,es ESP,DF,sct Celtic,20,2004,2.4,0,1,1,100,0.42,0.42,0,0,0,0,Matches
828,Federico Valverde,uy URU,"MF,DF",es Real Madrid,26,1998,13.7,0,13,1,7.7,0.95,0.07,0,0,0,0,Matches
829,Virgil van Dijk,nl NED,DF,eng Liverpool,33,1991,9.3,1,4,2,50,0.43,0.21,0.25,0.5,0,0,Matches
830,Hans Vanaken,be BEL,MF,be Club Brugge,31,1992,12,1,8,2,25,0.67,0.17,0,0,1,1,Matches
831,Vanderson,br BRA,DF,fr Monaco,23,2001,8.6,0,5,2,40,0.58,0.23,0,0,0,0,Matches
832,Maarten Vandevoordt,be BEL,GK,de RB Leipzig,22,2002,2,0,0,0,,0,0,,,0,0,Matches
833,Lucas Vázquez,es ESP,DF,es Real Madrid,33,1991,6.4,1,8,4,50,1.25,0.63,0.13,0.25,0,0,Matches
834,Joey Veerman,nl NED,MF,nl PSV,25,1998,6.1,0,12,2,16.7,1.98,0.33,0,0,0,0,Matches
835,Renato Veiga,pt POR,DF,it Juventus,21,2003,1.1,0,0,0,,0,0,,,0,0,Matches
836,Romeo Vermant,be BEL,FW,be Club Brugge,20,2004,0.6,0,2,1,50,3.21,1.61,0,0,0,0,Matches
837,Arthur Vermeeren,be BEL,MF,de RB Leipzig,19,2005,3.7,0,0,0,,0,0,,,0,0,Matches
838,Hugo Vetlesen,no NOR,MF,be Club Brugge,24,2000,2,0,5,1,20,2.45,0.49,0,0,0,0,Matches
839,Pau Victor,es ESP,FW,es Barcelona,22,2001,0.6,0,0,0,,0,0,,,0,0,Matches
840,Peter Vindahl Jensen,dk DEN,GK,cz Sparta Prague,26,1998,8,0,0,0,,0,0,,,0,0,Matches
841,Alan Virginius,fr FRA,MF,ch Young Boys,21,2003,3.3,0,3,0,0,0.91,0,0,,0,0,Matches
842,Martin Vitík,cz CZE,DF,cz Sparta Prague,21,2003,8,0,5,0,0,0.62,0,0,,0,0,Matches
843,Vitinha,pt POR,MF,fr Paris Saint-Germain,24,2000,16.1,2,22,7,31.8,1.37,0.44,0.05,0.14,1,2,Matches
844,Dušan Vlahović,rs SRB,FW,it Juventus,24,2000,6.1,4,20,7,35,3.28,1.15,0.15,0.43,1,1,Matches
845,Siemen Voet,be BEL,DF,sk Slovan Bratislava,24,2000,2.8,0,2,2,100,0.71,0.71,0,0,0,0,Matches
846,Matúš Vojtko,sk SVK,MF,sk Slovan Bratislava,23,2000,0.1,0,0,0,,0,0,,,0,0,Matches
847,Stefan de Vrij,nl NED,DF,it Inter,32,1992,7.6,0,2,0,0,0.26,0,0,,0,0,Matches
848,Kyle Walker,eng ENG,DF,eng Manchester City,34,1990,1.1,0,1,1,100,0.87,0.87,0,0,0,0,Matches
849,Kyle Walker,eng ENG,DF,it Milan,34,1990,2,0,1,1,100,0.5,0.5,0,0,0,0,Matches
850,Ollie Watkins,eng ENG,FW,eng Aston Villa,28,1995,7.7,1,18,8,44.4,2.33,1.04,0.06,0.13,0,1,Matches
Rk,Player,Nation,Pos,Squad,Age,Born,90s,Gls,Sh,SoT,SoT%,Sh/90,SoT/90,G/Sh,G/SoT,PK,PKatt,Matches
851,Timothy Weah,us USA,"DF,MF",it Juventus,24,2000,6.2,1,5,3,60,0.81,0.48,0.2,0.33,0,0,Matches
852,Vladimír Weiss,sk SVK,"FW,MF",sk Slovan Bratislava,34,1989,1.6,0,1,0,0,0.62,0,0,,0,0,Matches
853,Timon Wellenreuther,de GER,GK,nl Feyenoord,28,1995,10.6,0,0,0,,0,0,,,0,0,Matches
854,Ben White,eng ENG,DF,eng Arsenal,26,1997,3.7,0,2,1,50,0.54,0.27,0,0,0,0,Matches
855,Tomáš Wiesner,cz CZE,MF,cz Sparta Prague,27,1997,5.6,0,4,0,0,0.71,0,0,,0,0,Matches
856,Kevin Wimmer,at AUT,DF,sk Slovan Bratislava,31,1992,5,1,3,1,33.3,0.6,0.2,0.33,1,0,0,Matches
857,Florian Wirtz,de GER,"MF,FW",de Leverkusen,21,2003,8.4,6,26,14,53.8,3.08,1.66,0.19,0.36,1,1,Matches
858,Axel Witsel,be BEL,DF,es Atlético Madrid,35,1989,3,0,0,0,,0,0,,,0,0,Matches
859,Gregory Wüthrich,ch SUI,DF,at Sturm Graz,29,1994,3.1,0,0,0,,0,0,,,0,0,Matches
860,Granit Xhaka,ch SUI,MF,de Leverkusen,31,1992,9.1,0,10,3,30,1.1,0.33,0,0,0,0,Matches
861,Antal Yaakobishvili,hu HUN,DF,es Girona,20,2004,1,0,0,0,,0,0,,,0,0,Matches
862,Malick Yalcouye,ci CIV,MF,at Sturm Graz,18,2005,6.9,0,7,1,14.3,1.02,0.15,0,0,0,0,Matches
863,Lamine Yamal,es ESP,MF,es Barcelona,17,2007,12.2,5,53,24,45.3,4.36,1.97,0.09,0.21,0,0,Matches
864,Erencan Yardimci,tr TUR,FW,at Sturm Graz,22,2002,1.1,0,1,0,0,0.89,0,0,,0,0,Matches
865,Kenan Yıldız,tr TUR,"MF,FW",it Juventus,19,2005,7.4,1,16,2,12.5,2.17,0.27,0.06,0.5,0,0,Matches
866,Seol Young-woo,kr KOR,DF,rs Red Star,25,1998,7.8,0,5,1,20,0.64,0.13,0,0,0,0,Matches
867,Dan-Axel Zagadou,fr FRA,DF,de Stuttgart,25,1999,0,0,0,0,,0,0,,,0,0,Matches
868,Danijel Zagorac,hr CRO,GK,hr Dinamo Zagreb,37,1987,3,0,0,0,,0,0,,,0,0,Matches
869,Warren Zaïre-Emery,fr FRA,MF,fr Paris Saint-Germain,18,2006,6.7,1,8,1,12.5,1.19,0.15,0.13,1,0,0,Matches
870,Denis Zakaria,ch SUI,MF,fr Monaco,27,1996,6.8,1,7,2,28.6,1.03,0.29,0,0,1,1,Matches
871,Nicola Zalewski,pl POL,MF,it Inter,22,2002,0.4,0,2,1,50,4.74,2.37,0,0,0,0,Matches
872,Nicolò Zaniolo,it ITA,"FW,MF",it Atalanta,25,1999,1.5,1,4,1,25,2.71,0.68,0.25,1,0,0,Matches
873,Davide Zappacosta,it ITA,MF,it Atalanta,32,1992,7.7,0,19,3,15.8,2.45,0.39,0,0,0,0,Matches
874,Gjivai Zechiël,nl NED,MF,nl Feyenoord,20,2004,0.5,0,1,0,0,1.96,0,0,,0,0,Matches
875,Jaroslav Zelený,cz CZE,"DF,MF",cz Sparta Prague,31,1992,3.3,0,2,0,0,0.6,0,0,,0,0,Matches
Rk,Player,Nation,Pos,Squad,Age,Born,90s,Gls,Sh,SoT,SoT%,Sh/90,SoT/90,G/Sh,G/SoT,PK,PKatt,Matches
876,Ramiz Zerrouki,dz ALG,MF,nl Feyenoord,26,1998,1.3,0,1,0,0,0.79,0,0,,0,0,Matches
877,Edon Zhegrova,xk KVX,"MF,FW",fr Lille,25,1999,4,1,8,3,37.5,1.98,0.74,0.13,0.33,0,0,Matches
878,Piotr Zieliński,pl POL,MF,it Inter,30,1994,6.5,0,10,1,10,1.53,0.15,0,0,0,1,Matches
879,Oleksandr Zinchenko,ua UKR,"MF,DF",eng Arsenal,27,1996,2.2,1,4,1,25,1.86,0.46,0.25,1,0,0,Matches
880,Luck Zogbé,ci CIV,DF,fr Brest,19,2005,1,0,1,0,0,1,0,0,,0,0,Matches
881,Tanguy Zoukrou,fr FRA,DF,ch Young Boys,21,2003,3,0,0,0,,0,0,,,0,0,Matches
882,Sharani Zuberu,tg TOG,"DF,MF",sk Slovan Bratislava,24,2000,3.1,0,1,0,0,0.32,0,0,,0,0,Matches
883,Oleksandr Zubkov,ua UKR,MF,ua Shakhtar Donetsk,27,1996,5.9,2,12,5,41.7,2.03,0.85,0.17,0.4,0,0,Matches
884,Lovro Zvonarek,hr CRO,MF,at Sturm Graz,19,2005,1.6,0,4,1,25,2.57,0.64,0,0,0,0,Matches
885,Martin Ødegaard,no NOR,MF,eng Arsenal,25,1998,8.9,3,12,5,41.7,1.36,0.56,0.25,0.6,0,0,Matches
886,Łukasz Łakomy,pl POL,MF,ch Young Boys,23,2001,4.9,1,8,2,25,1.62,0.41,0.13,0.5,0,0,Matches