Rk,Player,Nation,Pos,Squad,Age,Born,90s,CrdY,CrdR,2CrdY,Fls,Fld,Off,Crs,Int,TklW,PKwon,PKcon,OG,Matches
1,Pape Abou Cissé,sn SEN,DF,gr Olympiacos,24,1995,5,0,0,0,5,2,1,0,17,2,,,0,Matches
2,Tammy Abraham,eng ENG,FW,eng Chelsea,22,1997,2.6,0,0,0,4,4,2,0,1,0,,,0,Matches
3,Francesco Acerbi,it ITA,DF,it Lazio,32,1988,8,2,0,0,8,6,1,22,13,9,,,1,Matches
4,Marcos Acuña,ar ARG,DF,es Sevilla,28,1991,3.6,3,0,0,5,4,0,30,3,8,,,0,Matches
5,Tyler Adams,us USA,MF,de RB Leipzig,21,1999,3.2,1,0,0,6,2,1,1,5,5,,,0,Matches
6,Karim Adeyemi,de GER,"FW,MF",at RB Salzburg,18,2002,0.6,0,0,0,2,1,1,1,0,0,,,0,Matches
7,Adrián,es ESP,GK,eng Liverpool,33,1987,1,0,0,0,0,0,0,0,0,0,,,0,Matches
8,Nayef Aguerd,ma MAR,DF,fr Rennes,24,1996,3.1,0,0,0,2,1,0,0,5,1,,,0,Matches
9,Sergio Agüero,ar ARG,FW,eng Manchester City,32,1988,1.7,0,0,0,2,0,0,0,0,1,,,0,Matches
10,Manuel Akanji,ch SUI,DF,de Dortmund,25,1995,7,0,0,0,1,4,0,0,8,6,,,0,Matches
11,Marley Aké,fr FRA,"FW,MF",fr Marseille,19,2001,0.4,0,0,0,0,2,0,0,0,0,,,0,Matches
12,Nathan Aké,nl NED,DF,eng Manchester City,25,1995,2,0,0,0,3,1,0,1,3,3,,,0,Matches
13,Jean-Daniel Akpa-Akpro,ci CIV,MF,it Lazio,27,1992,3.2,2,0,0,5,9,0,0,8,5,,,0,Matches
14,David Alaba,at AUT,"DF,MF",de Bayern Munich,28,1992,9,2,0,0,14,1,0,10,17,7,,,0,Matches
15,Jordi Alba,es ESP,"DF,MF",es Barcelona,31,1989,5.4,1,0,0,6,5,4,16,5,5,,,0,Matches
16,Luis Alberto,es ESP,MF,it Lazio,27,1992,5.3,2,0,0,1,4,0,26,5,6,,,0,Matches
17,Thiago Alcántara,es ESP,MF,eng Liverpool,29,1991,2.5,1,0,0,6,0,0,0,2,8,,,0,Matches
18,Danijel Aleksić,rs SRB,MF,tr Başakşehir,29,1991,1.2,0,0,0,0,2,0,3,1,0,,,0,Matches
19,Carles Aleñá,es ESP,MF,es Barcelona,22,1998,1.4,0,0,0,1,3,0,2,0,1,,,0,Matches
20,Trent Alexander-Arnold,eng ENG,DF,eng Liverpool,21,1998,7.9,2,0,0,5,2,1,49,12,5,,,0,Matches
21,Hasan Ali Kaldırım,tr TUR,DF,tr Başakşehir,30,1989,1.2,0,0,0,0,0,0,6,0,0,,,0,Matches
22,Alisson,br BRA,GK,eng Liverpool,27,1992,7,0,0,0,0,0,0,0,0,0,,,0,Matches
23,Marcos Alonso,es ESP,MF,eng Chelsea,29,1990,2,0,0,0,3,2,0,7,0,1,,,0,Matches
24,Éder Álvarez Balanta,co COL,MF,be Club Brugge,27,1993,2.6,0,0,0,9,3,0,0,4,0,,,0,Matches
25,Edson Álvarez,mx MEX,MF,nl Ajax,22,1997,1.4,0,0,0,3,0,1,0,4,1,,,0,Matches
Rk,Player,Nation,Pos,Squad,Age,Born,90s,CrdY,CrdR,2CrdY,Fls,Fld,Off,Crs,Int,TklW,PKwon,PKcon,OG,Matches
26,Jordan Amavi,fr FRA,DF,fr Marseille,26,1994,5,2,0,0,9,5,0,10,13,7,,,0,Matches
27,Mikkel Andersen,dk DEN,GK,dk Midtjylland,31,1988,2,0,0,0,1,0,0,0,0,0,,,0,Matches
28,Felipe Anderson,br BRA,FW,pt Porto,27,1993,0.7,0,0,0,2,0,1,0,4,1,,,0,Matches
29,Mikael Anderson,is ISL,MF,dk Midtjylland,22,1998,1.9,1,0,0,7,3,0,3,3,4,,,0,Matches
30,Joel Andersson,se SWE,DF,dk Midtjylland,23,1996,4.4,0,0,0,0,1,0,11,9,6,,,0,Matches
31,Oleksandr Andriyevskyi,ua UKR,MF,ua Dynamo Kyiv,26,1994,1.4,0,0,0,0,0,0,0,2,2,,,0,Matches
32,Angeliño,es ESP,"MF,DF",de RB Leipzig,23,1997,7,1,0,0,6,3,1,36,4,7,,,0,Matches
33,Faustino Anjorin,eng ENG,FW,eng Chelsea,18,2001,0.9,0,0,0,2,0,0,0,1,3,,,0,Matches
34,Marcos Antônio,br BRA,MF,ua Shakhtar Donetsk,20,2000,2.7,0,0,0,1,3,0,0,2,0,,,0,Matches
35,Antony,br BRA,"FW,MF",nl Ajax,20,2000,4,0,0,0,3,9,3,11,3,3,,,0,Matches
36,Youssef El-Arabi,ma MAR,FW,gr Olympiacos,33,1987,4.7,0,0,0,6,6,12,2,1,0,,,0,Matches
37,Ronald Araújo,uy URU,DF,es Barcelona,21,1999,1.6,0,0,0,3,1,0,0,2,3,,,0,Matches
38,Ari,ru RUS,FW,ru Krasnodar,34,1985,0.3,0,0,0,1,1,1,0,0,0,,,0,Matches
39,Bright Arrey-Mbi,de GER,MF,de Bayern Munich,17,2003,0.7,0,0,0,0,0,0,0,0,0,,,0,Matches
40,Sergio Arribas,es ESP,MF,es Real Madrid,18,2001,0.4,0,0,0,1,0,0,0,0,0,,,0,Matches
41,Kepa Arrizabalaga,es ESP,GK,eng Chelsea,25,1994,1,0,0,0,0,0,0,0,0,0,,,0,Matches
42,Marco Asensio,es ESP,"FW,MF",es Real Madrid,24,1996,6.9,1,0,0,4,8,1,26,4,6,,,0,Matches
43,Majeed Ashimeru,gh GHA,MF,at RB Salzburg,22,1997,0.5,0,0,0,2,3,0,0,1,2,,,0,Matches
44,Sardar Azmoun,ir IRN,FW,ru Zenit,25,1995,3.2,1,0,0,6,0,2,3,2,0,,,0,Matches
45,César Azpilicueta,es ESP,"DF,MF",eng Chelsea,30,1989,10.7,1,0,0,18,7,0,12,10,14,,,0,Matches
46,Demba Ba,sn SEN,FW,tr Başakşehir,35,1985,3.6,0,0,0,3,11,1,1,2,0,,,0,Matches
47,Ousseynou Ba,sn SEN,DF,gr Olympiacos,24,1995,2.1,0,0,0,2,2,0,0,2,3,,,0,Matches
48,Youssouph Badji,sn SEN,FW,be Club Brugge,18,2001,0.4,0,0,0,1,2,0,0,0,0,,,0,Matches
49,Mitchel Bakker,nl NED,DF,fr Paris Saint-Germain,20,2000,4.6,0,0,0,5,4,1,3,4,6,,,0,Matches
50,Leonardo Balerdi,ar ARG,DF,fr Marseille,21,1999,2.8,2,1,1,3,2,0,0,8,2,,,0,Matches
Rk,Player,Nation,Pos,Squad,Age,Born,90s,CrdY,CrdR,2CrdY,Fls,Fld,Off,Crs,Int,TklW,PKwon,PKcon,OG,Matches
51,Tudor Băluță,ro ROU,"DF,MF",ua Dynamo Kyiv,21,1999,0.1,0,0,0,0,0,0,0,1,0,,,0,Matches
52,Nicolò Barella,it ITA,MF,it Inter,23,1997,5.9,2,0,0,9,10,2,21,5,11,,,0,Matches
53,Romário Baró,pt POR,MF,pt Porto,20,2000,0.7,0,0,0,1,0,0,0,1,0,,,0,Matches
54,Wílmar Barrios,co COL,MF,ru Zenit,26,1993,5.5,2,0,0,6,11,0,1,15,9,,,0,Matches
55,Alessandro Bastoni,it ITA,DF,it Inter,21,1999,4.6,2,0,0,5,3,0,4,3,2,,,0,Matches
56,Roko Baturina,hr CRO,FW,hu Ferencváros,20,2000,0.4,0,0,0,1,1,0,0,0,0,,,0,Matches
57,Donny van de Beek,nl NED,"MF,FW",eng Manchester Utd,23,1997,3.1,0,0,0,3,1,1,0,2,3,,,0,Matches
58,Jude Bellingham,eng ENG,MF,de Dortmund,17,2003,7.6,2,0,0,11,23,0,3,6,9,,,0,Matches
59,Darío Benedetto,ar ARG,FW,fr Marseille,30,1990,2.9,0,0,0,2,4,1,2,2,1,,,0,Matches
60,László Bénes,sk SVK,MF,de Gladbach,22,1997,0.2,0,0,0,0,0,0,0,0,0,,,0,Matches
61,Ramy Bensebaini,dz ALG,DF,de Gladbach,25,1995,5,1,0,0,9,3,0,4,10,9,,,0,Matches
62,Rodrigo Bentancur,uy URU,MF,it Juventus,23,1997,5.2,2,0,0,8,4,0,12,11,12,,,0,Matches
63,Karim Benzema,fr FRA,FW,es Real Madrid,32,1987,9.3,0,0,0,4,4,7,4,2,2,,,0,Matches
64,Marcus Berg,se SWE,FW,ru Krasnodar,33,1986,5.7,1,0,0,9,15,1,2,2,1,,,0,Matches
65,Mergim Berisha,de GER,"MF,FW",at RB Salzburg,22,1998,5.2,0,0,0,7,6,2,5,4,1,,,0,Matches
66,Federico Bernardeschi,it ITA,MF,it Juventus,26,1994,1.7,1,0,0,2,1,2,19,1,0,,,0,Matches
67,Miha Blažič,si SVN,DF,hu Ferencváros,27,1993,6,1,0,0,6,2,1,0,17,4,,,0,Matches
68,Daley Blind,nl NED,"DF,MF",nl Ajax,30,1990,4.6,1,0,0,6,2,0,2,6,6,,,0,Matches
69,Jérôme Boateng,de GER,DF,de Bayern Munich,31,1988,5.8,2,0,0,5,4,0,2,14,8,,,0,Matches
70,Franck Boli,ci CIV,FW,hu Ferencváros,26,1993,0.9,0,0,0,1,2,0,0,0,1,,,0,Matches
71,Boli Bolingoli-Mbombo,be BEL,DF,tr Başakşehir,25,1995,4.1,1,0,0,4,3,1,9,10,3,,,0,Matches
72,Valerii Bondar,ua UKR,DF,ua Shakhtar Donetsk,21,1999,6,1,0,0,8,2,0,0,9,4,,,1,Matches
73,Leonardo Bonucci,it ITA,DF,it Juventus,33,1987,5.5,0,0,0,2,3,1,0,8,1,,,0,Matches
74,Endre Botka,hu HUN,DF,hu Ferencváros,25,1994,2.9,1,0,0,4,3,0,5,6,0,,,0,Matches
75,Andreas Bouchalakis,gr GRE,MF,gr Olympiacos,27,1993,4.6,0,0,0,4,4,0,2,10,3,,,0,Matches
Rk,Player,Nation,Pos,Squad,Age,Born,90s,CrdY,CrdR,2CrdY,Fls,Fld,Off,Crs,Int,TklW,PKwon,PKcon,OG,Matches
76,Yassine Bounou,ma MAR,GK,es Sevilla,29,1991,5,0,0,0,0,0,0,0,0,0,,,0,Matches
77,Benjamin Bourigeaud,fr FRA,MF,fr Rennes,26,1994,4.1,1,0,0,6,1,0,33,5,4,,,0,Matches
78,Denys Boyko,ua UKR,GK,ua Dynamo Kyiv,32,1988,1,0,0,0,0,0,0,0,0,0,,,0,Matches
79,Martin Braithwaite,dk DEN,FW,es Barcelona,29,1991,2.6,0,0,0,0,3,1,0,0,0,,,0,Matches
80,Julian Brandt,de GER,MF,de Dortmund,24,1996,2.4,0,0,0,2,4,0,2,1,2,,,0,Matches
81,Brian Brobbey,nl NED,FW,nl Ajax,18,2002,0.5,0,0,0,1,2,0,1,0,1,,,0,Matches
82,Marcelo Brozović,hr CRO,MF,it Inter,27,1992,4.1,2,0,0,5,1,0,22,4,4,,,0,Matches
83,Bruma,pt POR,"FW,MF",gr Olympiacos,25,1994,0.7,0,0,0,1,1,0,1,0,0,,,0,Matches
84,Gianluigi Buffon,it ITA,GK,it Juventus,42,1978,1,0,0,0,0,0,0,0,0,0,,,0,Matches
85,Roman Bürki,ch SUI,GK,de Dortmund,29,1990,4,0,0,0,0,1,0,0,1,0,,,0,Matches
86,Heorhiy Bushchan,ua UKR,GK,ua Dynamo Kyiv,26,1994,4,0,0,0,0,1,0,1,1,1,,,0,Matches
87,Sergio Busquets,es ESP,MF,es Barcelona,32,1988,3.7,1,0,0,5,8,0,1,1,4,,,0,Matches
88,Vitaliy Buyalskyi,ua UKR,"MF,FW",ua Dynamo Kyiv,27,1993,3.8,2,0,0,7,8,1,2,4,6,,,0,Matches
89,Rémy Cabella,fr FRA,"MF,FW",ru Krasnodar,30,1990,2.8,0,0,0,4,6,2,5,2,4,,,0,Matches
90,Júnior Caiçara,br BRA,DF,tr Başakşehir,31,1989,0.3,0,0,0,0,0,0,0,0,0,,,0,Matches
91,Felipe Caicedo,ec ECU,FW,it Lazio,31,1988,1.5,1,0,0,1,2,0,0,0,0,,,0,Matches
92,Jens Cajuste,se SWE,MF,dk Midtjylland,20,1999,3.6,1,0,0,3,4,0,1,5,5,,,0,Matches
93,Mattia Caldara,it ITA,DF,it Atalanta,26,1994,0.1,0,0,0,0,0,0,0,0,0,,,0,Matches
94,Duje Ćaleta-Car,hr CRO,DF,fr Marseille,23,1996,4,1,0,0,5,2,0,0,6,1,,,0,Matches
95,Mohamed Camara,gn GUI,MF,gr Olympiacos,23,1997,3.2,2,0,0,11,3,3,4,0,3,,,0,Matches
96,Mohamed Camara,ml MLI,MF,at RB Salzburg,20,2000,4.6,3,0,0,9,15,2,0,10,9,,,0,Matches
97,Eduardo Camavinga,fr FRA,MF,fr Rennes,17,2002,3.6,1,0,0,11,6,0,1,6,3,,,0,Matches
98,Sergio Camello,es ESP,FW,es Atlético Madrid,19,2001,0.1,0,0,0,1,0,0,0,0,0,,,0,Matches
99,Emre Can,de GER,"MF,DF",de Dortmund,26,1994,5.2,2,0,0,9,3,0,0,6,5,,,0,Matches
100,João Cancelo,pt POR,DF,eng Manchester City,26,1994,6.7,3,0,0,11,2,0,16,7,17,,,0,Matches
Rk,Player,Nation,Pos,Squad,Age,Born,90s,CrdY,CrdR,2CrdY,Fls,Fld,Off,Crs,Int,TklW,PKwon,PKcon,OG,Matches
101,Diego Carlos,br BRA,DF,es Sevilla,27,1993,8,1,0,0,15,4,1,1,13,5,,,0,Matches
102,Yannick Carrasco,be BEL,MF,es Atlético Madrid,26,1993,4.2,0,0,0,5,5,2,20,1,3,,,0,Matches
103,Dani Carvajal,es ESP,"MF,DF",es Real Madrid,28,1992,1.8,0,0,0,1,0,0,1,2,1,,,0,Matches
104,Casemiro,br BRA,MF,es Real Madrid,28,1992,9.2,4,0,0,14,17,1,5,21,14,,,0,Matches
105,Danilo Cataldi,it ITA,MF,it Lazio,25,1994,1,0,0,0,0,0,0,3,1,0,,,0,Matches
106,Edinson Cavani,uy URU,FW,eng Manchester Utd,33,1987,2.3,0,0,0,2,3,3,1,1,0,,,0,Matches
107,Murilo Cerqueira,br BRA,"DF,MF",ru Loko Moscow,23,1997,5,3,0,0,8,2,0,1,12,5,,,0,Matches
108,Nacer Chadli,be BEL,MF,tr Başakşehir,30,1989,1.3,0,0,0,0,1,0,2,0,1,,,0,Matches
109,Yevgeni Chernov,ru RUS,DF,ru Krasnodar,27,1992,3.2,0,0,0,2,7,0,11,4,0,,,0,Matches
110,Giorgio Chiellini,it ITA,DF,it Juventus,35,1984,1.6,0,0,0,2,0,0,0,2,1,,,0,Matches
111,Federico Chiesa,it ITA,"MF,FW",it Juventus,22,1997,6.1,2,0,0,7,10,4,28,1,5,,,0,Matches
112,Ben Chilwell,eng ENG,"MF,DF",eng Chelsea,23,1996,8.6,1,0,0,16,11,1,29,15,6,,,0,Matches
113,Andreas Christensen,dk DEN,DF,eng Chelsea,24,1996,6.6,1,0,0,9,1,0,0,8,2,,,0,Matches
114,Eldar Ćivić,ba BIH,DF,hu Ferencváros,24,1996,0.7,1,0,0,2,0,0,2,3,2,,,0,Matches
115,Viktor Claesson,se SWE,"MF,FW",ru Krasnodar,28,1992,3.2,0,0,0,4,1,0,0,5,1,,,0,Matches
116,Leighton Clarkson,eng ENG,MF,eng Liverpool,18,2001,1,0,0,0,1,0,0,0,0,0,,,0,Matches
117,Kingsley Coman,fr FRA,MF,de Bayern Munich,24,1996,6,1,0,0,7,7,1,31,2,2,,,0,Matches
118,Francisco Conceição,pt POR,MF,pt Porto,17,2002,0.1,0,0,0,1,0,0,1,0,0,,,0,Matches
119,Dion Cools,my MAS,DF,dk Midtjylland,24,1996,2.3,1,0,0,1,1,1,10,8,1,,,0,Matches
120,Vedran Ćorluka,hr CRO,DF,ru Loko Moscow,34,1986,4.5,0,0,0,2,5,0,1,11,7,,,0,Matches
121,Jesús Corona,mx MEX,"MF,FW",pt Porto,27,1993,8.4,2,0,0,6,24,3,18,12,4,,,0,Matches
122,Ángel Correa,ar ARG,"MF,FW",es Atlético Madrid,25,1995,5.4,0,0,0,6,9,2,13,1,1,,,0,Matches
123,Joaquín Correa,ar ARG,FW,it Lazio,25,1994,7.4,2,0,0,9,11,3,4,1,4,,,0,Matches
124,Diogo Costa,pt POR,GK,pt Porto,20,1999,1,0,0,0,0,0,0,0,0,0,,,0,Matches
125,Douglas Costa,br BRA,MF,de Bayern Munich,29,1990,2.6,0,0,0,3,2,2,12,1,1,,,0,Matches
Rk,Player,Nation,Pos,Squad,Age,Born,90s,CrdY,CrdR,2CrdY,Fls,Fld,Off,Crs,Int,TklW,PKwon,PKcon,OG,Matches
126,Thibaut Courtois,be BEL,GK,es Real Madrid,28,1992,12,1,0,0,0,1,0,0,0,0,,,0,Matches
127,Philippe Coutinho,br BRA,MF,es Barcelona,28,1992,1.5,0,0,0,0,1,0,4,1,0,,,0,Matches
128,Enzo Crivelli,fr FRA,FW,tr Başakşehir,25,1995,2.7,2,0,0,3,3,1,0,0,0,,,0,Matches
129,Juan Cuadrado,co COL,"DF,MF",it Juventus,32,1988,6.1,3,0,0,9,15,1,58,5,8,,,0,Matches
130,Mickaël Cuisance,fr FRA,MF,fr Marseille,20,1999,2.6,0,0,0,5,5,0,6,2,5,,,0,Matches
131,Szymon Czyż,pl POL,MF,it Lazio,19,2001,0.3,1,0,0,1,1,0,0,0,3,,,0,Matches
132,Danilo D'Ambrosio,it ITA,DF,it Inter,31,1988,3.4,1,0,0,6,4,1,4,8,3,,,0,Matches
133,Damien Da Silva,fr FRA,DF,fr Rennes,32,1988,5.8,2,0,0,7,1,0,0,7,4,,,0,Matches
134,Colin Dagba,fr FRA,DF,fr Paris Saint-Germain,21,1998,2.5,1,0,0,1,2,0,1,3,5,,,0,Matches
135,Mahmoud Dahoud,de GER,MF,de Dortmund,24,1996,5.4,0,0,0,9,4,0,2,6,10,,,0,Matches
136,Patson Daka,zm ZAM,"FW,MF",at RB Salzburg,21,1998,2.3,0,0,0,2,7,1,4,0,2,,,0,Matches
137,Danilo,br BRA,DF,it Juventus,29,1991,6.3,3,0,0,15,3,0,2,20,11,,,0,Matches
138,Matteo Darmian,it ITA,MF,it Inter,30,1989,1.9,0,0,0,2,4,2,7,3,2,,,0,Matches
139,Alphonso Davies,ca CAN,DF,de Bayern Munich,19,2000,3.6,0,0,0,5,3,1,8,6,3,,,0,Matches
140,Kevin De Bruyne,be BEL,"MF,FW",eng Manchester City,29,1991,7.4,2,0,0,11,9,1,42,3,3,,,0,Matches
141,Charles De Ketelaere,be BEL,"FW,DF",be Club Brugge,19,2001,5.1,0,0,0,7,5,3,8,4,8,,,0,Matches
142,Konrad De La Fuente,us USA,FW,es Barcelona,19,2001,0.2,0,0,0,2,0,0,0,0,0,,,0,Matches
143,Romain Del Castillo,fr FRA,FW,fr Rennes,24,1996,1.5,1,0,0,5,1,0,3,3,3,,,0,Matches
144,Thomas Delaney,dk DEN,"MF,DF",de Dortmund,28,1991,4.8,0,0,0,11,6,0,3,5,7,,,0,Matches
145,Simon Deli,ci CIV,DF,be Club Brugge,28,1991,3.5,0,0,0,2,1,0,0,6,0,,,0,Matches
146,Moussa Dembélé,fr FRA,FW,es Atlético Madrid,24,1996,0.5,0,0,0,0,1,0,1,0,0,,,0,Matches
147,Ousmane Dembélé,fr FRA,"MF,FW",es Barcelona,23,1997,4.2,0,0,0,1,5,2,11,2,1,,,0,Matches
148,Merih Demiral,tr TUR,DF,it Juventus,22,1998,4.4,4,1,1,10,3,0,0,9,3,,,0,Matches
149,Emmanuel Dennis,ng NGA,"FW,MF",be Club Brugge,22,1997,3.8,2,0,0,11,3,4,7,1,1,,,0,Matches
150,Dentinho,br BRA,FW,ua Shakhtar Donetsk,31,1989,1.8,0,0,0,3,4,0,1,2,0,,,0,Matches
Rk,Player,Nation,Pos,Squad,Age,Born,90s,CrdY,CrdR,2CrdY,Fls,Fld,Off,Crs,Int,TklW,PKwon,PKcon,OG,Matches
151,Fabio Depaoli,it ITA,"DF,MF",it Atalanta,23,1997,0.1,0,0,0,1,0,0,2,0,0,,,0,Matches
152,Sergiño Dest,us USA,"DF,MF",es Barcelona,19,2000,6.5,0,0,0,4,5,1,17,4,7,,,0,Matches
153,Ángel Di María,ar ARG,"FW,MF",fr Paris Saint-Germain,32,1988,7.7,0,1,0,5,12,2,42,9,10,,,0,Matches
154,Abdou Diallo,sn SEN,DF,fr Paris Saint-Germain,24,1996,5.6,0,0,0,8,1,0,8,6,9,,,0,Matches
155,Amad Diallo,ci CIV,"FW,MF",it Atalanta,18,2002,0.3,0,0,0,0,1,0,0,0,0,,,0,Matches
156,Rúben Dias,pt POR,DF,eng Manchester City,23,1997,10.8,1,0,0,12,5,0,0,16,8,,,0,Matches
157,Krépin Diatta,sn SEN,"MF,FW",be Club Brugge,21,1999,4.6,1,0,0,7,11,0,11,5,6,,,0,Matches
158,Luis Díaz,co COL,"MF,FW",pt Porto,23,1997,5,2,0,0,8,19,2,4,2,4,,,0,Matches
159,Dénes Dibusz,hu HUN,GK,hu Ferencváros,29,1990,6,0,0,0,0,0,0,0,0,1,,,0,Matches
160,Berat Djimsiti,al ALB,DF,it Atalanta,27,1993,8,2,0,0,6,4,0,2,29,5,,,0,Matches
161,Dodô,br BRA,DF,ua Shakhtar Donetsk,21,1998,6,0,0,0,1,11,0,11,12,4,,,0,Matches
162,Jeremy Doku,be BEL,"FW,MF",fr Rennes,18,2002,4.5,0,0,0,4,9,2,17,1,2,,,0,Matches
163,Tommy Doyle,eng ENG,MF,eng Manchester City,18,2001,0.1,0,0,0,0,0,0,0,0,0,,,0,Matches
164,Mohamed Dräger,tn TUN,DF,gr Olympiacos,24,1996,0.7,0,0,0,1,0,0,2,0,2,,,0,Matches
165,Radu Drăgușin,ro ROU,DF,it Juventus,18,2002,0.2,0,0,0,1,0,0,0,0,0,,,0,Matches
166,Julian Draxler,de GER,"MF,FW",fr Paris Saint-Germain,26,1993,3,1,0,0,7,3,1,5,7,0,,,0,Matches
167,Anders Dreyer,dk DEN,"MF,FW",dk Midtjylland,22,1998,5.5,0,0,0,4,5,2,18,4,0,,,0,Matches
168,Sebastián Driussi,ar ARG,"MF,FW",ru Zenit,24,1996,3.1,0,0,0,2,6,0,7,3,3,,,0,Matches
169,Hugo Duro,es ESP,FW,es Real Madrid,20,1999,0.2,0,0,0,1,0,0,0,0,1,,,0,Matches
170,Lasha Dvali,ge GEO,DF,hu Ferencváros,25,1995,4.1,0,0,0,3,4,1,1,12,3,,,1,Matches
171,Paulo Dybala,ar ARG,"MF,FW",it Juventus,26,1993,2.4,0,0,0,2,5,3,2,2,0,,,0,Matches
172,Artem Dzyuba,ru RUS,FW,ru Zenit,31,1988,3.8,0,0,0,8,1,2,1,0,0,,,0,Matches
173,Éder,pt POR,FW,ru Loko Moscow,32,1987,2.8,0,0,0,3,6,4,1,0,0,,,0,Matches
174,Ederson,br BRA,GK,eng Manchester City,26,1993,12,0,0,0,0,2,0,0,0,0,,,0,Matches
175,Jurgen Ekkelenkamp,nl NED,MF,nl Ajax,20,2000,1,0,0,0,1,2,0,1,1,0,,,0,Matches
Rk,Player,Nation,Pos,Squad,Age,Born,90s,CrdY,CrdR,2CrdY,Fls,Fld,Off,Crs,Int,TklW,PKwon,PKcon,OG,Matches
176,Nico Elvedi,ch SUI,DF,de Gladbach,23,1996,6.9,0,0,0,5,1,1,0,11,5,,,0,Matches
177,Breel Embolo,ch SUI,"FW,MF",de Gladbach,23,1997,3.3,0,0,0,8,11,3,0,3,2,,,0,Matches
178,Youssef En-Nesyri,ma MAR,FW,es Sevilla,23,1997,4.3,1,0,0,2,9,2,1,2,1,,,0,Matches
179,Alexandru Epureanu,md MDA,DF,tr Başakşehir,33,1986,4.5,1,0,0,6,2,1,1,13,2,,,0,Matches
180,Christian Eriksen,dk DEN,MF,it Inter,28,1992,1.1,0,0,0,0,1,0,6,3,0,,,0,Matches
181,Aleksandr Erokhin,ru RUS,"MF,FW",ru Zenit,30,1989,3,0,0,0,7,1,3,4,4,3,,,0,Matches
182,Gonzalo Escalante,ar ARG,MF,it Lazio,27,1993,1.6,1,0,0,2,0,0,0,4,1,,,0,Matches
183,Sergio Escudero,es ESP,DF,es Sevilla,30,1989,2,0,0,0,2,3,0,7,3,1,,,0,Matches
184,Evander,br BRA,MF,dk Midtjylland,22,1998,1.7,0,0,0,2,1,0,14,1,1,,,0,Matches
185,Evanilson,br BRA,FW,pt Porto,20,1999,0.9,0,0,0,1,1,0,0,0,0,,,0,Matches
186,Fabinho,br BRA,"DF,MF",eng Liverpool,26,1993,6.2,0,0,0,9,2,0,0,14,11,,,0,Matches
187,Mohamed Fares,dz ALG,MF,it Lazio,24,1996,3.8,1,0,0,7,3,0,12,9,4,,,0,Matches
188,Ansu Fati,es ESP,MF,es Barcelona,17,2002,1.8,0,0,0,2,2,0,1,0,1,,,0,Matches
189,Felipe,br BRA,DF,es Atlético Madrid,31,1989,4.3,0,0,0,3,1,0,0,7,6,,,1,Matches
190,Luiz Felipe,it ITA,DF,it Lazio,23,1997,2,0,0,0,3,0,0,0,4,3,,,0,Matches
191,João Félix,pt POR,"FW,MF",es Atlético Madrid,20,1999,7.8,0,0,0,5,18,1,8,4,5,,,0,Matches
192,Bruno Fernandes,pt POR,MF,eng Manchester Utd,25,1994,4.9,1,0,0,4,10,1,31,4,6,,,0,Matches
193,Matheus Fernandes,br BRA,MF,es Barcelona,22,1998,0.2,0,0,0,1,1,0,0,0,0,,,0,Matches
194,Carlos Fernández,es ESP,FW,es Sevilla,24,1996,0.1,0,0,0,0,0,1,1,0,0,,,0,Matches
195,Fernandinho,br BRA,MF,eng Manchester City,35,1985,3.8,2,0,0,14,5,0,2,7,2,,,0,Matches
196,Fernando,br BRA,FW,ua Shakhtar Donetsk,21,1999,0.4,0,0,0,0,0,0,0,0,0,,,0,Matches
197,Fernando,br BRA,MF,es Sevilla,33,1987,5.5,1,0,0,4,4,0,0,12,4,,,0,Matches
198,Roberto Firmino,br BRA,FW,eng Liverpool,28,1991,3.7,0,0,0,4,0,0,1,1,2,,,0,Matches
199,Junior Firpo,do DOM,DF,es Barcelona,23,1996,2.9,1,0,0,3,3,1,3,2,4,,,0,Matches
200,Alessandro Florenzi,it ITA,DF,fr Paris Saint-Germain,29,1991,9,0,0,0,5,4,0,23,11,6,,,0,Matches
Rk,Player,Nation,Pos,Squad,Age,Born,90s,CrdY,CrdR,2CrdY,Fls,Fld,Off,Crs,Int,TklW,PKwon,PKcon,OG,Matches
201,Phil Foden,eng ENG,"MF,FW",eng Manchester City,20,2000,11.8,0,0,0,6,13,2,47,8,11,,,0,Matches
202,Emil Forsberg,se SWE,"MF,FW",de RB Leipzig,28,1991,5.1,1,0,0,8,6,5,9,2,2,,,0,Matches
203,Kostas Fortounis,gr GRE,"MF,FW",gr Olympiacos,27,1992,3.2,2,0,0,3,10,4,12,2,3,,,0,Matches
204,Timothy Fosu-Mensah,nl NED,DF,eng Manchester Utd,22,1998,0.3,0,0,0,0,1,0,0,1,1,,,0,Matches
205,Gianluca Frabotta,it ITA,"DF,MF",it Juventus,21,1999,0.2,0,0,0,1,0,0,3,0,0,,,0,Matches
206,Lassina Franck Traoré,bf BFA,FW,nl Ajax,19,2001,2.2,1,0,0,12,5,2,0,1,0,,,0,Matches
207,Fred,br BRA,MF,eng Manchester Utd,27,1993,3.8,2,1,1,13,5,0,0,7,4,,,0,Matches
208,Remo Freuler,ch SUI,MF,it Atalanta,28,1992,5.8,1,1,0,7,6,0,2,10,7,,,0,Matches
209,Abraham Frimpong,gh GHA,DF,hu Ferencváros,27,1993,2,1,0,0,1,0,0,0,6,2,,,0,Matches
210,Roberto Gagliardini,it ITA,MF,it Inter,26,1994,2.8,3,0,0,6,3,0,3,5,2,,,0,Matches
211,Idrissa Gana Gueye,sn SEN,MF,fr Paris Saint-Germain,30,1989,5.4,4,2,1,12,8,0,0,5,10,,,0,Matches
212,Eric García,es ESP,DF,eng Manchester City,19,2001,2.3,1,0,0,2,0,0,0,3,1,,,0,Matches
213,Yuri Gazinskiy,ru RUS,MF,ru Krasnodar,31,1989,4.2,0,0,0,4,4,0,4,12,1,,,0,Matches
214,Yann Gboho,fr FRA,MF,fr Rennes,19,2001,1.1,0,0,0,1,2,0,2,1,2,,,0,Matches
215,David de Gea,es ESP,GK,eng Manchester Utd,29,1990,5,0,0,0,0,0,0,0,0,0,,,0,Matches
216,Valère Germain,fr FRA,"MF,FW",fr Marseille,30,1990,2.2,0,0,0,1,3,3,1,1,0,,,0,Matches
217,Billy Gilmour,sct SCO,MF,eng Chelsea,19,2001,1.1,0,0,0,1,1,0,1,1,0,,,0,Matches
218,Matthias Ginter,de GER,DF,de Gladbach,26,1994,8,0,0,0,1,2,0,1,7,3,,,0,Matches
219,Olivier Giroud,fr FRA,FW,eng Chelsea,33,1986,2.9,0,0,0,7,6,2,0,2,1,,,0,Matches
220,Serge Gnabry,de GER,MF,de Bayern Munich,25,1995,4,1,0,0,8,3,3,9,7,3,,,0,Matches
221,Pierluigi Gollini,it ITA,GK,it Atalanta,25,1995,3,0,0,0,0,0,0,0,0,0,,,0,Matches
222,Eulânio Ângelo Chipela Gomes,gw GNB,DF,pt Porto,26,1994,1.5,1,0,0,3,2,0,7,2,1,,,0,Matches
223,Joe Gomez,eng ENG,DF,eng Liverpool,23,1997,3,0,0,0,2,2,0,0,5,3,,,0,Matches
224,Papu Gómez,ar ARG,"MF,FW",it Atalanta,32,1988,5,0,0,0,3,11,1,32,2,3,,,0,Matches
225,Papu Gómez,ar ARG,FW,es Sevilla,32,1988,1,0,0,0,0,0,0,4,1,1,,,0,Matches
Rk,Player,Nation,Pos,Squad,Age,Born,90s,CrdY,CrdR,2CrdY,Fls,Fld,Off,Crs,Int,TklW,PKwon,PKcon,OG,Matches
226,Sergi Gómez,es ESP,DF,es Sevilla,28,1992,2.2,1,0,0,2,1,0,0,0,0,,,0,Matches
227,Alfred Gomis,sn SEN,GK,fr Rennes,26,1993,4,0,0,0,0,0,0,0,0,1,,,0,Matches
228,Álvaro González,es ESP,DF,fr Marseille,30,1990,6,1,0,0,2,4,1,2,7,7,,,1,Matches
229,Leon Goretzka,de GER,MF,de Bayern Munich,25,1995,4.8,1,0,0,10,10,1,2,13,6,,,0,Matches
230,Yevgeni Gorodov,ru RUS,GK,ru Krasnodar,34,1985,2,0,0,0,0,1,0,0,0,0,,,0,Matches
231,Robin Gosens,de GER,MF,it Atalanta,26,1994,6.3,1,0,0,9,9,2,12,7,4,,,0,Matches
232,Ryan Gravenberch,nl NED,MF,nl Ajax,18,2002,5.9,2,1,1,10,7,0,10,10,7,,,0,Matches
233,Mason Greenwood,eng ENG,FW,eng Manchester Utd,18,2001,2.3,0,0,0,2,3,0,1,1,0,,,0,Matches
234,Clément Grenier,fr FRA,MF,fr Rennes,29,1991,2.5,2,0,0,7,5,0,10,2,4,,,0,Matches
235,Antoine Griezmann,fr FRA,"FW,MF",es Barcelona,29,1991,5.6,1,0,0,2,5,2,1,4,1,,,0,Matches
236,Marko Grujić,rs SRB,MF,pt Porto,24,1996,4.3,3,1,1,10,5,0,1,4,2,,,0,Matches
237,Nemanja Gudelj,rs SRB,"MF,DF",es Sevilla,28,1991,5.5,1,0,0,3,4,0,0,6,4,,,0,Matches
238,Raphaël Guerreiro,pt POR,"DF,MF",de Dortmund,26,1993,7.4,0,0,0,3,4,0,18,5,4,,,0,Matches
239,Pape Gueye,sn SEN,MF,fr Marseille,21,1999,1.9,1,0,0,1,4,0,0,7,3,,,0,Matches
240,Serhou Guirassy,gn GUI,FW,fr Rennes,24,1996,3.8,0,0,0,11,13,1,0,2,0,,,0,Matches
241,Péter Gulácsi,hu HUN,GK,de RB Leipzig,30,1990,8,0,0,0,0,2,0,0,0,0,,,0,Matches
242,Fredrik Gulbrandsen,no NOR,"MF,FW",tr Başakşehir,27,1992,2.3,0,0,0,0,4,2,2,0,1,,,0,Matches
243,İlkay Gündoğan,de GER,MF,eng Manchester City,29,1990,10.8,2,0,0,16,9,0,7,11,6,,,0,Matches
244,Mert Günok,tr TUR,GK,tr Başakşehir,31,1989,6,1,0,0,1,0,0,0,0,0,,,0,Matches
245,Erling Haaland,no NOR,FW,de Dortmund,20,2000,7.8,2,0,0,4,6,1,6,3,0,,,0,Matches
246,Munir El Haddadi,ma MAR,FW,es Sevilla,24,1995,3.3,0,0,0,6,9,5,6,1,1,,,0,Matches
247,Amadou Haidara,ml MLI,MF,de RB Leipzig,22,1998,4.7,1,0,0,4,6,1,3,10,7,,,0,Matches
248,Achraf Hakimi,ma MAR,MF,it Inter,21,1998,4,1,0,0,3,5,2,20,7,5,,,1,Matches
249,Marcel Halstenberg,de GER,DF,de RB Leipzig,28,1991,2,0,0,0,2,2,0,1,5,1,,,0,Matches
250,Samir Handanović,si SVN,GK,it Inter,36,1984,6,1,0,0,1,0,0,0,0,0,,,0,Matches
Rk,Player,Nation,Pos,Squad,Age,Born,90s,CrdY,CrdR,2CrdY,Fls,Fld,Off,Crs,Int,TklW,PKwon,PKcon,OG,Matches
251,Jesper Hansen,dk DEN,GK,dk Midtjylland,35,1985,4,0,0,0,0,1,0,0,0,0,,,0,Matches
252,Denys Harmash,ua UKR,"MF,FW",ua Dynamo Kyiv,30,1990,1.7,1,0,0,7,2,1,2,2,4,,,0,Matches
253,Hans Hateboer,nl NED,MF,it Atalanta,26,1994,5.9,1,0,0,4,6,1,5,7,4,,,0,Matches
254,Kai Havertz,de GER,"MF,FW",eng Chelsea,21,1999,8.7,1,0,0,14,16,3,6,7,10,,,0,Matches
255,Eden Hazard,be BEL,"FW,MF",es Real Madrid,29,1991,3,0,0,0,1,9,0,2,2,0,,,0,Matches
256,Thorgan Hazard,be BEL,"MF,FW",de Dortmund,27,1993,4.9,0,0,0,6,6,2,18,2,7,,,0,Matches
257,Hwang Hee-chan,kr KOR,"FW,MF",de RB Leipzig,24,1996,1,0,0,0,2,5,1,2,2,0,,,0,Matches
258,Marcel Heister,de GER,DF,hu Ferencváros,28,1992,4.3,1,0,0,7,8,1,11,6,5,,,0,Matches
259,Dean Henderson,eng ENG,GK,eng Manchester Utd,23,1997,1,0,0,0,0,0,0,0,0,0,,,0,Matches
260,Jordan Henderson,eng ENG,"MF,DF",eng Liverpool,30,1990,4,2,0,0,3,1,0,10,7,1,,,0,Matches
261,Benjamin Henrichs,de GER,MF,de RB Leipzig,23,1997,1.3,2,0,0,7,1,0,2,3,3,,,0,Matches
262,Dalbert Henrique,br BRA,"DF,MF",fr Rennes,26,1993,2.5,2,1,1,7,2,0,9,1,1,,,0,Matches
263,Luis Henrique,br BRA,MF,fr Marseille,18,2001,1.1,0,0,0,1,1,1,2,1,1,,,0,Matches
264,Mario Hermoso,es ESP,DF,es Atlético Madrid,25,1995,3.9,1,0,0,7,4,0,0,6,8,,,0,Matches
265,Lucas Hernández,fr FRA,DF,de Bayern Munich,24,1996,7.7,2,0,0,10,12,0,9,5,15,,,0,Matches
266,Ander Herrera,es ESP,MF,fr Paris Saint-Germain,30,1989,6,3,0,0,9,14,0,4,14,13,,,0,Matches
267,Héctor Herrera,mx MEX,MF,es Atlético Madrid,30,1990,3.3,1,0,0,6,4,0,10,6,4,,,0,Matches
268,Patrick Herrmann,de GER,"FW,MF",de Gladbach,29,1991,0.7,0,0,0,0,1,0,0,1,0,,,0,Matches
269,Marwin Hitz,ch SUI,GK,de Dortmund,32,1987,6,0,0,0,0,0,0,0,0,0,,,1,Matches
270,Wesley Hoedt,nl NED,DF,it Lazio,26,1994,5.4,2,0,0,4,3,0,1,7,8,,,0,Matches
271,Jonas Hofmann,de GER,"MF,FW",de Gladbach,28,1992,4.8,0,0,0,3,5,4,18,2,3,,,0,Matches
272,José Holebas,gr GRE,DF,gr Olympiacos,36,1984,4.8,1,0,0,5,3,1,8,11,5,,,0,Matches
273,Ethan Horvath,us USA,GK,be Club Brugge,25,1995,1,0,0,0,0,0,0,0,0,0,,,1,Matches
274,Callum Hudson-Odoi,eng ENG,"FW,MF",eng Chelsea,19,2000,3.8,0,0,0,3,1,1,11,4,3,,,0,Matches
275,Mats Hummels,de GER,DF,de Dortmund,31,1988,8.8,1,0,0,5,2,0,1,21,6,,,0,Matches
Rk,Player,Nation,Pos,Squad,Age,Born,90s,CrdY,CrdR,2CrdY,Fls,Fld,Off,Crs,Int,TklW,PKwon,PKcon,OG,Matches
276,Adrien Hunou,fr FRA,FW,fr Rennes,26,1994,1,0,0,0,1,3,0,0,0,0,,,0,Matches
277,Klaas-Jan Huntelaar,nl NED,FW,nl Ajax,36,1983,0.4,0,0,0,1,0,1,0,0,0,,,0,Matches
278,Daniel Høegh,dk DEN,DF,dk Midtjylland,29,1991,1,0,0,0,1,0,0,0,7,1,,,0,Matches
279,Mauro Icardi,ar ARG,FW,fr Paris Saint-Germain,27,1993,2.7,1,0,0,3,1,0,0,3,0,,,0,Matches
280,Oussama Idrissi,ma MAR,MF,es Sevilla,24,1996,1.7,1,0,0,2,4,0,1,0,3,,,0,Matches
281,Odion Ighalo,ng NGA,FW,eng Manchester Utd,31,1989,0,0,0,0,1,0,0,0,0,0,,,0,Matches
282,Vladislav Ignatyev,ru RUS,MF,ru Loko Moscow,33,1987,4.3,1,0,0,4,15,2,3,6,5,,,0,Matches
283,Josip Iličić,si SVN,"MF,FW",it Atalanta,32,1988,3.1,1,0,0,2,11,2,11,1,2,,,0,Matches
284,Ciro Immobile,it ITA,FW,it Lazio,30,1990,4.6,0,0,0,6,9,4,1,1,1,,,0,Matches
285,Nikita Iosifov,ru RUS,FW,ru Loko Moscow,19,2001,0.2,0,0,0,1,1,1,0,0,0,,,0,Matches
286,Isael,br BRA,"MF,FW",hu Ferencváros,32,1988,4,1,0,0,8,5,1,5,5,3,,,0,Matches
287,Gustav Isaksen,dk DEN,"FW,MF",dk Midtjylland,19,2001,0.5,0,0,0,0,2,0,2,2,1,,,0,Matches
288,Isco,es ESP,FW,es Real Madrid,28,1992,1.1,0,0,0,2,0,1,1,3,0,,,0,Matches
289,Daniel James,wls WAL,"FW,MF",eng Manchester Utd,22,1997,0.4,0,0,0,0,0,1,0,0,0,,,0,Matches
290,Manjrekar James,ca CAN,DF,dk Midtjylland,26,1993,1,0,0,0,1,0,0,0,3,4,,,0,Matches
291,Reece James,eng ENG,"MF,DF",eng Chelsea,20,1999,6.3,0,0,0,11,4,2,37,5,15,,,0,Matches
292,Tony Jantschke,de GER,DF,de Gladbach,30,1990,0.6,0,0,0,0,1,0,0,3,0,,,0,Matches
293,Gabriel Jesus,br BRA,FW,eng Manchester City,23,1997,3,1,0,0,1,7,2,1,2,0,,,0,Matches
294,Curtis Jones,eng ENG,MF,eng Liverpool,19,2001,4.5,1,0,0,7,8,1,1,6,3,,,0,Matches
295,Frenkie de Jong,nl NED,"MF,DF",es Barcelona,23,1997,6.5,1,0,0,1,7,0,1,16,6,,,0,Matches
296,Luuk de Jong,nl NED,FW,es Sevilla,29,1990,4.2,0,0,0,5,5,0,0,1,2,,,0,Matches
297,Joan Jordán,es ESP,MF,es Sevilla,26,1994,4.5,4,0,0,10,6,0,18,6,7,,,0,Matches
298,Jorginho,it ITA,MF,eng Chelsea,28,1991,11.4,4,0,0,14,11,0,3,25,16,,,0,Matches
299,Diogo Jota,pt POR,FW,eng Liverpool,23,1996,6,0,0,0,8,17,2,4,2,2,,,0,Matches
300,Luka Jović,rs SRB,FW,es Real Madrid,22,1997,0.6,0,0,0,1,0,0,0,0,0,,,0,Matches
Rk,Player,Nation,Pos,Squad,Age,Born,90s,CrdY,CrdR,2CrdY,Fls,Fld,Off,Crs,Int,TklW,PKwon,PKcon,OG,Matches
301,Vinicius Júnior,br BRA,"FW,MF",es Real Madrid,20,2000,7,1,0,0,13,12,2,15,1,8,,,0,Matches
302,Zlatko Junuzović,at AUT,MF,at RB Salzburg,32,1987,5.1,0,0,0,12,10,0,5,13,9,,,0,Matches
303,Sory Kaba,gn GUI,FW,dk Midtjylland,25,1995,5.1,1,0,0,7,12,6,1,3,4,,,0,Matches
304,Ozan Kabak,tr TUR,DF,eng Liverpool,20,2000,3.5,1,0,0,2,1,0,0,6,3,,,0,Matches
305,İrfan Kahveci,tr TUR,MF,tr Başakşehir,25,1995,5.4,0,0,0,6,3,0,8,3,4,,,0,Matches
306,François Kamano,gn GUI,MF,ru Loko Moscow,24,1996,2,0,0,0,3,7,1,2,0,3,,,0,Matches
307,Boubacar Kamara,fr FRA,MF,fr Marseille,20,1999,4.3,2,0,0,11,6,0,1,9,5,,,0,Matches
308,Ruslan Kambolov,ru RUS,"DF,MF",ru Krasnodar,30,1990,0.2,0,0,0,0,2,0,0,1,0,,,0,Matches
309,Kevin Kampl,si SVN,MF,de RB Leipzig,29,1990,4.1,0,0,0,12,4,0,1,8,5,,,0,Matches
310,N'Golo Kanté,fr FRA,MF,eng Chelsea,29,1991,7.9,1,0,0,11,5,0,3,13,8,,,0,Matches
311,Emre Kaplan,tr TUR,DF,tr Başakşehir,19,2001,0.1,0,0,0,0,0,0,0,1,1,,,0,Matches
312,Oleksandr Karavayev,ua UKR,DF,ua Dynamo Kyiv,28,1992,2.5,0,0,0,2,3,0,0,4,0,,,0,Matches
313,Vyacheslav Karavayev,ru RUS,DF,ru Zenit,25,1995,3.1,1,0,0,2,1,0,9,3,4,,,0,Matches
314,Moise Kean,it ITA,FW,fr Paris Saint-Germain,20,2000,4.9,1,0,0,9,4,8,4,3,1,,,0,Matches
315,Tomasz Kędziora,pl POL,DF,ua Dynamo Kyiv,26,1994,6,0,0,0,3,0,0,21,15,7,,,0,Matches
316,Thilo Kehrer,de GER,DF,fr Paris Saint-Germain,23,1996,0.8,1,0,0,5,1,0,0,2,2,,,0,Matches
317,Naby Keïta,gn GUI,MF,eng Liverpool,25,1995,1.6,0,0,0,2,0,0,0,4,2,,,0,Matches
318,Caoimhín Kelleher,ie IRL,GK,eng Liverpool,21,1998,2,1,0,0,1,0,0,0,0,0,,,0,Matches
319,Mikhail Kerzhakov,ru RUS,GK,ru Zenit,33,1987,6,0,0,0,0,1,0,0,0,0,,,0,Matches
320,Ihor Kharatin,ua UKR,MF,hu Ferencváros,25,1995,3.6,3,0,0,4,0,0,0,5,5,,,0,Matches
321,Davit Khocholava,ge GEO,DF,ua Shakhtar Donetsk,27,1993,3.3,1,0,0,1,2,0,0,8,1,,,0,Matches
322,Joshua Kimmich,de GER,MF,de Bayern Munich,25,1995,6.8,2,0,0,10,7,0,55,15,4,,,0,Matches
323,Presnel Kimpembe,fr FRA,DF,fr Paris Saint-Germain,24,1995,10.9,3,1,1,10,6,0,1,8,8,,,0,Matches
324,Davy Klaassen,nl NED,MF,nl Ajax,27,1993,5,1,0,0,6,2,1,2,6,6,,,0,Matches
325,Sean Klaiber,sr SUR,"DF,MF",nl Ajax,26,1994,0.6,0,0,0,3,0,0,0,1,0,,,0,Matches
Rk,Player,Nation,Pos,Squad,Age,Born,90s,CrdY,CrdR,2CrdY,Fls,Fld,Off,Crs,Int,TklW,PKwon,PKcon,OG,Matches
326,Lukas Klostermann,de GER,DF,de RB Leipzig,24,1996,2,0,0,0,1,0,0,0,4,1,,,0,Matches
327,Justin Kluivert,nl NED,"FW,MF",de RB Leipzig,21,1999,1.7,2,0,0,4,5,3,2,2,1,,,0,Matches
328,Ansgar Knauff,de GER,FW,de Dortmund,18,2002,1.5,0,0,0,2,1,1,2,1,1,,,0,Matches
329,Sekou Koita,ml MLI,FW,at RB Salzburg,20,1999,4.5,1,0,0,7,4,4,2,1,2,,,0,Matches
330,Koka,eg EGY,FW,gr Olympiacos,27,1993,0.3,1,0,0,2,0,0,0,0,0,,,0,Matches
331,Koke,es ESP,MF,es Atlético Madrid,28,1992,7.4,2,0,0,6,7,1,11,13,11,,,0,Matches
332,Aleksandar Kolarov,rs SRB,DF,it Inter,34,1985,1,0,0,0,1,1,0,4,1,0,,,0,Matches
333,Ibrahima Konaté,fr FRA,DF,de RB Leipzig,21,1999,5.3,2,0,0,13,2,0,0,7,3,,,1,Matches
334,Viktor Korniienko,ua UKR,DF,ua Shakhtar Donetsk,21,1999,3,1,0,0,2,2,0,1,4,1,,,0,Matches
335,Odilon Kossounou,ci CIV,DF,be Club Brugge,19,2001,5,0,0,0,2,2,0,0,10,6,,,0,Matches
336,Billy Koumetio,fr FRA,DF,eng Liverpool,17,2002,0.5,0,0,0,0,0,0,0,3,0,,,0,Matches
337,Jules Koundé,fr FRA,DF,es Sevilla,21,1998,5.7,2,0,0,5,9,0,6,5,1,,,0,Matches
338,Adnan Kovačević,ba BIH,DF,hu Ferencváros,26,1993,1.9,1,0,0,3,2,0,0,5,3,,,0,Matches
339,Mateo Kovačić,hr CRO,MF,eng Chelsea,26,1994,6.7,2,0,0,8,10,0,1,8,12,,,0,Matches
340,Viktor Kovalenko,ua UKR,MF,ua Shakhtar Donetsk,24,1996,2.4,0,0,0,2,2,0,0,2,2,,,0,Matches
341,Bozhidar Kraev,bg BUL,MF,dk Midtjylland,23,1997,0.6,0,0,0,1,3,0,1,1,0,,,0,Matches
342,Christoph Kramer,de GER,MF,de Gladbach,29,1991,6.9,1,0,0,12,4,1,1,13,6,,,0,Matches
343,Rasmus Kristensen,dk DEN,DF,at RB Salzburg,23,1997,5,0,0,0,5,2,1,6,13,7,,,1,Matches
344,Michael Krmenčík,cz CZE,FW,be Club Brugge,27,1993,0.8,0,0,0,0,2,2,0,0,0,,,0,Matches
345,Toni Kroos,de GER,MF,es Real Madrid,30,1990,10.7,3,0,0,12,8,1,52,18,8,,,0,Matches
346,Danil Krugovoy,ru RUS,DF,ru Zenit,22,1998,1.8,1,0,0,1,3,1,11,5,0,,,0,Matches
347,Grzegorz Krychowiak,pl POL,MF,ru Loko Moscow,30,1990,4,1,0,0,4,8,0,1,7,0,,,0,Matches
348,Serhiy Kryvtsov,ua UKR,DF,ua Shakhtar Donetsk,29,1991,1,0,0,0,3,2,0,0,3,2,,,0,Matches
349,Mohammed Kudus,gh GHA,FW,nl Ajax,19,2000,0.1,0,0,0,0,0,0,0,0,1,,,0,Matches
350,Daniil Kulikov,ru RUS,MF,ru Loko Moscow,22,1998,4,1,0,0,8,4,0,4,7,5,,,0,Matches
Rk,Player,Nation,Pos,Squad,Age,Born,90s,CrdY,CrdR,2CrdY,Fls,Fld,Off,Crs,Int,TklW,PKwon,PKcon,OG,Matches
351,Dejan Kulusevski,se SWE,"MF,FW",it Juventus,20,2000,3,1,0,0,10,4,0,8,5,1,,,0,Matches
352,Layvin Kurzawa,fr FRA,DF,fr Paris Saint-Germain,27,1992,4.2,2,0,0,12,2,0,11,9,10,,,0,Matches
353,Daler Kuzyaev,ru RUS,MF,ru Zenit,27,1993,4.9,2,0,0,9,1,3,8,9,8,,,0,Matches
354,Zakaria Labyad,ma MAR,MF,nl Ajax,27,1993,2,0,0,0,3,3,0,8,1,0,,,0,Matches
355,Aïssa Laïdouni,tn TUN,MF,hu Ferencváros,23,1996,2.5,3,0,0,9,13,0,0,5,4,,,0,Matches
356,Stefan Lainer,at AUT,DF,de Gladbach,27,1992,7.6,3,0,0,14,4,0,20,12,14,,,0,Matches
357,Sam Lammers,nl NED,FW,it Atalanta,23,1997,0.1,0,0,0,0,1,0,0,0,0,,,0,Matches
358,Michael Lang,ch SUI,"DF,MF",de Gladbach,29,1991,0.1,1,0,0,2,0,0,0,1,0,,,0,Matches
359,Noa Lang,nl NED,"MF,FW",be Club Brugge,21,1999,3.3,0,0,0,5,3,1,5,1,4,,,0,Matches
360,Aymeric Laporte,es ESP,DF,eng Manchester City,26,1994,3.1,1,0,0,4,0,0,0,3,1,,,0,Matches
361,Valentino Lazaro,at AUT,MF,de Gladbach,24,1996,2.7,1,0,0,3,2,0,6,2,3,,,0,Matches
362,Manuel Lazzari,it ITA,MF,it Lazio,26,1993,3.6,0,0,0,1,7,0,15,2,2,,,0,Matches
363,James Lea Siliki,cm CMR,"MF,FW",fr Rennes,24,1996,2.4,2,0,0,9,4,0,2,1,2,,,0,Matches
364,Diogo Leite,pt POR,DF,pt Porto,21,1999,2,0,0,0,2,1,0,0,2,1,,,0,Matches
365,Lucas Leiva,br BRA,MF,it Lazio,33,1987,3.9,1,0,0,3,3,0,0,11,4,,,0,Matches
366,Thomas Lemar,fr FRA,MF,es Atlético Madrid,24,1995,2.1,1,0,0,4,3,0,19,0,2,,,0,Matches
367,Clément Lenglet,fr FRA,DF,es Barcelona,25,1995,6.2,2,0,0,9,7,0,0,11,3,,,0,Matches
368,Robert Lewandowski,pl POL,FW,de Bayern Munich,31,1988,5.7,0,0,0,5,7,3,3,2,3,,,0,Matches
369,Bohdan Liedniev,ua UKR,MF,ua Dynamo Kyiv,22,1998,0.4,0,0,0,1,1,0,1,0,0,,,0,Matches
370,Matthijs de Ligt,nl NED,DF,it Juventus,20,1999,4.5,1,0,0,5,3,0,1,7,6,,,0,Matches
371,Victor Lindelöf,se SWE,DF,eng Manchester Utd,26,1994,4.4,1,0,0,6,1,0,0,3,2,,,0,Matches
372,Vitaly Lisakovich,by BLR,MF,ru Loko Moscow,22,1998,0.8,0,0,0,2,0,0,5,0,0,,,0,Matches
373,Marcos Llorente,es ESP,MF,es Atlético Madrid,25,1995,7.3,2,0,0,7,9,2,13,11,9,,,0,Matches
374,Renan Lodi,br BRA,DF,es Atlético Madrid,22,1998,4.2,3,0,0,10,11,0,28,8,8,,,0,Matches
375,Mamadou Loum,sn SEN,"DF,MF",pt Porto,23,1996,0.1,0,0,0,0,0,0,0,0,1,,,0,Matches
Rk,Player,Nation,Pos,Squad,Age,Born,90s,CrdY,CrdR,2CrdY,Fls,Fld,Off,Crs,Int,TklW,PKwon,PKcon,OG,Matches
376,Dejan Lovren,hr CRO,DF,ru Zenit,31,1989,4.3,3,0,0,4,1,0,3,12,0,,,0,Matches
377,Gergő Lovrencsics,hu HUN,DF,hu Ferencváros,31,1988,4.1,0,0,0,6,1,0,23,8,6,,,0,Matches
378,José Luis Palomino,ar ARG,DF,it Atalanta,30,1990,2.3,0,0,0,4,3,0,1,6,3,,,0,Matches
379,Zé Luís,cv CPV,FW,ru Loko Moscow,29,1991,4.2,0,0,0,3,9,2,3,1,1,,,0,Matches
380,Romelu Lukaku,be BEL,FW,it Inter,27,1993,4.9,1,0,0,4,3,5,3,0,0,,,0,Matches
381,Senad Lulić,ba BIH,"DF,MF",it Lazio,34,1986,1.2,0,0,0,3,1,0,4,3,1,,,0,Matches
382,Vitali Lystsov,ru RUS,DF,ru Loko Moscow,25,1995,0.5,0,0,0,0,0,0,0,0,1,,,0,Matches
383,Yann M'Vila,fr FRA,MF,gr Olympiacos,30,1990,5.9,0,0,0,3,6,0,1,12,3,,,0,Matches
384,Awer Mabil,au AUS,"MF,FW",dk Midtjylland,24,1995,5,0,0,0,2,3,1,13,4,3,,,0,Matches
385,Nicolas Madsen,dk DEN,MF,dk Midtjylland,20,2000,1,1,0,0,2,3,0,1,7,1,,,0,Matches
386,Stanislav Magkeev,ru RUS,MF,ru Loko Moscow,21,1999,2.2,0,0,0,1,1,0,1,7,2,,,0,Matches
387,Harry Maguire,eng ENG,DF,eng Manchester Utd,27,1993,5,2,0,0,7,2,0,0,5,3,,,0,Matches
388,Riyad Mahrez,dz ALG,"FW,MF",eng Manchester City,29,1991,9,0,0,0,8,15,2,33,6,7,,,0,Matches
389,Róbert Mak,sk SVK,"FW,MF",hu Ferencváros,29,1991,1,0,0,0,0,2,1,5,1,0,,,0,Matches
390,Malcom,br BRA,"FW,MF",ru Zenit,23,1997,2.7,0,0,0,1,7,1,7,1,1,,,0,Matches
391,Ruslan Malinovskyi,ua UKR,MF,it Atalanta,27,1993,1.5,1,0,0,4,3,0,9,4,3,,,0,Matches
392,Wilson Manafá,pt POR,DF,pt Porto,26,1994,8.3,1,0,0,11,2,0,8,7,10,,,0,Matches
393,Steve Mandanda,fr FRA,GK,fr Marseille,35,1985,6,0,0,0,0,0,0,0,0,0,,,0,Matches
394,Sadio Mané,sn SEN,FW,eng Liverpool,28,1992,7.9,2,0,0,18,18,6,15,3,4,,,0,Matches
395,Faitout Maouassa,fr FRA,DF,fr Rennes,22,1998,0.9,0,0,0,3,0,0,11,1,1,,,0,Matches
396,Marcelo,br BRA,"MF,DF",es Real Madrid,32,1988,1.8,1,0,0,3,2,0,11,0,4,,,0,Matches
397,Agustín Marchesín,ar ARG,GK,pt Porto,32,1988,9.3,0,0,0,0,1,0,0,1,0,,,0,Matches
398,Moussa Marega,ml MLI,FW,pt Porto,29,1991,8.2,1,0,0,9,20,4,8,5,5,,,0,Matches
399,José María Giménez,uy URU,DF,es Atlético Madrid,25,1995,3.7,1,0,0,4,0,0,0,6,5,,,0,Matches
400,Mariano,do DOM,FW,es Real Madrid,26,1993,1.2,0,0,0,3,0,2,0,0,0,,,0,Matches
Rk,Player,Nation,Pos,Squad,Age,Born,90s,CrdY,CrdR,2CrdY,Fls,Fld,Off,Crs,Int,TklW,PKwon,PKcon,OG,Matches
401,Guilherme Marinato,ru RUS,GK,ru Loko Moscow,34,1985,6,0,0,0,0,0,0,0,1,1,,,0,Matches
402,João Mário Lopes,pt POR,FW,pt Porto,20,2000,0.9,0,0,0,1,1,0,1,2,0,,,0,Matches
403,Yevgeni Markov,ru RUS,FW,ru Krasnodar,26,1994,0,0,0,0,0,0,0,0,0,0,,,0,Matches
404,Marlos,ua UKR,MF,ua Shakhtar Donetsk,32,1988,4.7,0,0,0,2,8,0,7,2,4,,,0,Matches
405,Marquinhos,br BRA,"DF,MF",fr Paris Saint-Germain,26,1994,9.1,0,0,0,2,4,0,3,11,7,,,0,Matches
406,Anthony Martial,fr FRA,"FW,MF",eng Manchester Utd,24,1995,4.7,0,0,0,4,18,2,2,2,0,,,1,Matches
407,Jonas Martin,fr FRA,MF,fr Rennes,30,1990,1,1,0,0,3,1,0,0,1,0,,,0,Matches
408,Javi Martínez,es ESP,MF,de Bayern Munich,31,1988,2.1,0,0,0,4,3,0,1,10,0,,,0,Matches
409,Lautaro Martínez,ar ARG,FW,it Inter,22,1997,4.5,1,0,0,3,8,0,2,5,1,,,0,Matches
410,Lisandro Martínez,ar ARG,DF,nl Ajax,22,1998,3.3,0,0,0,5,2,0,1,9,6,,,0,Matches
411,Toni Martínez,es ESP,FW,pt Porto,23,1997,1.1,0,0,0,2,1,1,0,1,0,,,0,Matches
412,Alyaksandr Martynovich,by BLR,DF,ru Krasnodar,32,1987,5,1,0,0,6,2,1,0,10,1,,,0,Matches
413,Adam Marušić,me MNE,"MF,DF",it Lazio,27,1992,8,2,0,0,5,14,1,8,13,3,,,0,Matches
414,Giorgos Masouras,gr GRE,MF,gr Olympiacos,26,1994,3.2,0,0,0,3,2,4,8,3,7,,,0,Matches
415,Clinton Mata,ao ANG,DF,be Club Brugge,27,1992,5.9,1,0,0,8,11,0,11,11,6,,,0,Matches
416,Juan Mata,es ESP,MF,eng Manchester Utd,32,1988,0.7,0,0,0,0,0,0,0,0,0,,,0,Matches
417,Nemanja Matić,rs SRB,MF,eng Manchester Utd,31,1988,2.5,1,0,0,5,1,0,1,4,5,,,0,Matches
418,Joël Matip,cm CMR,DF,eng Liverpool,28,1991,1.9,0,0,0,1,0,0,0,1,3,,,0,Matches
419,Mykola Matviyenko,ua UKR,DF,ua Shakhtar Donetsk,24,1996,3.3,0,0,0,2,3,1,3,11,5,,,0,Matches
420,Eric Maxim Choupo-Moting,cm CMR,FW,de Bayern Munich,31,1989,4.3,1,0,0,9,5,2,1,1,2,,,0,Matches
421,Maycon,br BRA,MF,ua Shakhtar Donetsk,23,1997,4.1,0,0,0,3,2,0,4,4,3,,,0,Matches
422,Noussair Mazraoui,ma MAR,DF,nl Ajax,22,1997,5.3,1,0,0,10,1,1,7,13,12,,,0,Matches
423,Kylian Mbappé,fr FRA,FW,fr Paris Saint-Germain,21,1998,10,0,0,0,1,19,14,9,1,1,,,0,Matches
424,Chancel Mbemba,cd COD,DF,pt Porto,25,1994,10.3,2,0,0,6,5,1,3,9,9,,,0,Matches
425,Weston McKennie,us USA,MF,it Juventus,21,1998,4.5,0,0,0,5,4,1,0,3,9,,,0,Matches
Rk,Player,Nation,Pos,Squad,Age,Born,90s,CrdY,CrdR,2CrdY,Fls,Fld,Off,Crs,Int,TklW,PKwon,PKcon,OG,Matches
426,Scott McTominay,sct SCO,MF,eng Manchester Utd,23,1996,3.8,1,0,0,11,5,0,0,5,6,,,0,Matches
427,Brandon Mechele,be BEL,DF,be Club Brugge,27,1993,2,0,0,0,1,1,0,0,5,3,,,0,Matches
428,Arthur Melo,br BRA,MF,it Juventus,23,1996,3.7,0,0,0,4,3,0,1,3,5,,,0,Matches
429,Benjamin Mendy,fr FRA,DF,eng Manchester City,26,1994,0.9,0,0,0,0,2,0,8,2,0,,,0,Matches
430,Edouard Mendy,sn SEN,GK,eng Chelsea,28,1992,12,0,0,0,0,1,0,0,0,0,,,0,Matches
431,Ferland Mendy,fr FRA,"DF,MF",es Real Madrid,25,1995,10.7,2,0,0,8,18,1,13,14,7,,,0,Matches
432,Lionel Messi,ar ARG,"MF,FW",es Barcelona,33,1987,6,0,0,0,2,12,1,20,2,2,,,0,Matches
433,Thomas Meunier,be BEL,"DF,MF",de Dortmund,28,1991,3.9,0,0,0,6,1,0,13,2,6,,,0,Matches
434,Simon Mignolet,be BEL,GK,be Club Brugge,32,1988,5,0,0,0,0,0,0,0,1,0,,,0,Matches
435,Sergej Milinković-Savić,rs SRB,MF,it Lazio,25,1995,6.5,2,0,0,8,15,2,5,16,6,,,0,Matches
436,Éder Militão,br BRA,DF,es Real Madrid,22,1998,5.3,1,0,0,4,4,0,2,10,12,,,0,Matches
437,James Milner,eng ENG,MF,eng Liverpool,34,1986,4,2,0,0,8,7,0,6,8,10,,,0,Matches
438,Takumi Minamino,jp JPN,"MF,FW",eng Liverpool,25,1995,2.1,0,0,0,4,1,1,3,0,2,,,0,Matches
439,Óscar Mingueza,es ESP,DF,es Barcelona,21,1999,2.7,1,0,0,9,0,0,4,9,3,,,0,Matches
440,Aleksei Miranchuk,ru RUS,"FW,MF",it Atalanta,24,1995,0.3,0,0,0,1,0,0,1,2,0,,,0,Matches
441,Anton Miranchuk,ru RUS,MF,ru Loko Moscow,24,1995,5.1,0,0,0,4,8,2,20,5,3,,,0,Matches
442,Luka Modrić,hr CRO,MF,es Real Madrid,34,1985,10.1,0,0,0,5,9,0,16,16,7,,,0,Matches
443,Johan Mojica,co COL,MF,it Atalanta,27,1992,1.1,0,0,0,2,1,0,4,2,0,,,0,Matches
444,Júnior Moraes,ua UKR,FW,ua Shakhtar Donetsk,33,1987,1.8,0,0,0,4,5,1,0,1,1,,,0,Matches
445,Álvaro Morata,es ESP,FW,it Juventus,27,1992,6.6,1,0,0,7,14,7,4,3,2,,,0,Matches
446,Mateu Morey,es ESP,"DF,MF",de Dortmund,20,2000,5,1,0,0,6,4,0,4,17,9,,,0,Matches
447,Ilaix Moriba,gn GUI,MF,es Barcelona,17,2003,0.1,0,0,0,0,0,0,0,0,1,,,0,Matches
448,Andrei Mostovoy,ru RUS,MF,ru Zenit,22,1997,2.2,0,0,0,0,1,0,6,1,0,,,0,Matches
449,Youssoufa Moukoko,de GER,FW,de Dortmund,15,2004,0.4,0,0,0,1,0,0,1,0,0,,,0,Matches
450,Mason Mount,eng ENG,MF,eng Chelsea,21,1999,8.4,4,0,0,16,8,0,24,6,9,,,0,Matches
Rk,Player,Nation,Pos,Squad,Age,Born,90s,CrdY,CrdR,2CrdY,Fls,Fld,Off,Crs,Int,TklW,PKwon,PKcon,OG,Matches
451,Maksim Mukhin,ru RUS,MF,ru Loko Moscow,18,2001,0.5,1,0,0,1,0,0,0,3,3,,,0,Matches
452,Nordi Mukiele,fr FRA,"DF,MF",de RB Leipzig,22,1997,6.1,2,0,0,11,6,0,7,20,11,,,0,Matches
453,Thomas Müller,de GER,MF,de Bayern Munich,30,1989,7,2,0,0,11,8,2,25,3,3,,,0,Matches
454,Luis Muriel,co COL,FW,it Atalanta,29,1991,3.9,0,0,0,5,1,0,17,0,2,,,0,Matches
455,Vedat Muriqi,xk KVX,FW,it Lazio,26,1994,2,0,0,0,3,4,2,2,3,0,,,0,Matches
456,Mateo Musacchio,ar ARG,DF,it Lazio,29,1990,0.3,0,0,0,0,0,0,0,0,1,,,0,Matches
457,Leon Musayev,ru RUS,MF,ru Zenit,21,1999,0.6,0,0,0,1,0,0,1,1,1,,,0,Matches
458,Jamal Musiala,de GER,MF,de Bayern Munich,17,2003,2.6,0,0,0,1,5,0,0,1,6,,,0,Matches
459,Enock Mwepu,zm ZAM,MF,at RB Salzburg,22,1998,5.8,1,0,0,15,13,1,6,8,6,,,0,Matches
460,Vitaliy Mykolenko,ua UKR,DF,ua Dynamo Kyiv,21,1999,3.9,0,0,0,0,2,0,8,13,3,,,0,Matches
461,Joakim Mæhle,dk DEN,MF,it Atalanta,23,1997,1.9,0,0,0,1,3,0,1,3,5,,,0,Matches
462,Nacho,es ESP,DF,es Real Madrid,30,1990,8,2,0,0,8,11,1,2,13,9,,,0,Matches
463,Yuto Nagatomo,jp JPN,DF,fr Marseille,33,1986,1.1,0,0,0,0,1,0,0,0,0,,,0,Matches
464,Radja Nainggolan,be BEL,MF,it Inter,32,1988,0,0,0,0,0,0,0,0,0,0,,,0,Matches
465,Shoya Nakajima,jp JPN,"FW,MF",pt Porto,25,1994,0.8,0,0,0,2,2,0,3,0,1,,,0,Matches
466,Jesús Navas,es ESP,DF,es Sevilla,34,1985,5.1,0,1,0,3,2,0,57,7,4,,,0,Matches
467,Keylor Navas,cr CRC,GK,fr Paris Saint-Germain,33,1986,12,0,0,0,0,0,0,0,1,0,,,0,Matches
468,David Neres,br BRA,FW,nl Ajax,23,1997,3.4,1,0,0,3,6,4,9,0,4,,,0,Matches
469,Ruslan Neshcheret,ua UKR,GK,ua Dynamo Kyiv,18,2002,1,0,0,0,0,0,0,0,0,0,,,0,Matches
470,Neto,br BRA,GK,es Barcelona,31,1989,3,0,0,0,0,0,0,0,0,0,,,0,Matches
471,Manuel Neuer,de GER,GK,de Bayern Munich,34,1986,8,1,0,0,0,1,0,0,0,0,,,0,Matches
472,Florian Neuhaus,de GER,MF,de Gladbach,23,1997,7.8,1,0,0,7,9,0,1,13,14,,,0,Matches
473,Neymar,br BRA,"FW,MF",fr Paris Saint-Germain,28,1992,8.3,3,0,0,11,44,4,25,4,1,,,0,Matches
474,Tokmac Nguen,no NOR,"FW,MF",hu Ferencváros,26,1993,5.1,1,0,0,3,5,4,1,2,0,,,0,Matches
475,M'Baye Niang,sn SEN,FW,fr Rennes,25,1994,1.1,0,0,0,3,1,1,0,0,1,,,0,Matches
Rk,Player,Nation,Pos,Squad,Age,Born,90s,CrdY,CrdR,2CrdY,Fls,Fld,Off,Crs,Int,TklW,PKwon,PKcon,OG,Matches
476,Saúl Ñíguez,es ESP,MF,es Atlético Madrid,25,1994,5.1,2,0,0,12,1,0,2,11,4,,,0,Matches
477,Christopher Nkunku,fr FRA,"MF,FW",de RB Leipzig,22,1997,6.5,2,0,0,12,13,4,35,10,19,,,0,Matches
478,Felix Nmecha,de GER,MF,eng Manchester City,19,2000,0.1,0,0,0,0,0,0,0,0,0,,,0,Matches
479,Alexander Nübel,de GER,GK,de Bayern Munich,23,1996,2,0,0,0,0,0,0,0,0,0,,,0,Matches
480,Gerzino Nyamsi,cm CMR,DF,fr Rennes,23,1997,2,0,0,0,3,2,0,0,6,3,,,0,Matches
481,Steven Nzonzi,fr FRA,MF,fr Rennes,31,1988,4.7,1,0,0,4,0,0,1,3,3,,,0,Matches
482,Jan Oblak,si SVN,GK,es Atlético Madrid,27,1993,8,0,0,0,0,1,0,0,0,0,,,0,Matches
483,Lucas Ocampos,ar ARG,"FW,DF",es Sevilla,26,1994,5,0,0,0,3,10,2,21,6,1,,,0,Matches
484,Álvaro Odriozola,es ESP,DF,es Real Madrid,24,1995,0.4,1,0,0,1,0,0,1,1,4,,,0,Matches
485,Noah Okafor,ch SUI,"FW,MF",at RB Salzburg,20,2000,0.6,0,0,0,1,0,0,2,0,2,,,0,Matches
486,David Okereke,ng NGA,"FW,MF",be Club Brugge,22,1997,0.3,0,0,0,1,1,0,1,0,0,,,0,Matches
487,Masaya Okugawa,jp JPN,MF,at RB Salzburg,24,1996,0.5,0,0,0,0,0,1,1,1,0,,,0,Matches
488,Sérgio Oliveira,pt POR,MF,pt Porto,28,1992,8.2,4,0,0,8,11,0,35,6,10,,,0,Matches
489,Dani Olmo,es ESP,"MF,FW",de RB Leipzig,22,1998,6.5,2,0,0,6,11,1,3,5,7,,,0,Matches
490,Kristoffer Olsson,se SWE,MF,ru Krasnodar,25,1995,4.5,2,0,0,9,4,1,10,6,3,,,0,Matches
491,André Onana,cm CMR,GK,nl Ajax,24,1996,6,0,0,0,0,0,0,0,0,0,,,0,Matches
492,Jérôme Onguéné,cm CMR,DF,at RB Salzburg,22,1997,0.5,0,0,0,0,0,0,0,3,0,,,0,Matches
493,Frank Onyeka,ng NGA,MF,dk Midtjylland,22,1998,5.6,2,0,0,18,19,0,3,19,12,,,0,Matches
494,Willi Orban,hu HUN,DF,de RB Leipzig,27,1992,3.6,0,0,0,4,2,2,3,4,5,,,0,Matches
495,Divock Origi,be BEL,FW,eng Liverpool,25,1995,2.3,0,0,0,2,5,2,2,0,2,,,0,Matches
496,Otávio,pt POR,"MF,FW",pt Porto,25,1995,7.8,1,0,0,24,24,0,22,2,17,,,0,Matches
497,Alex Oxlade-Chamberlain,eng ENG,"FW,MF",eng Liverpool,26,1993,0.3,0,0,0,0,0,0,2,0,1,,,0,Matches
498,Berkay Özcan,tr TUR,MF,tr Başakşehir,22,1998,4.9,1,0,0,5,2,1,1,8,7,,,0,Matches
499,Magomed Ozdoyev,ru RUS,"MF,FW",ru Zenit,27,1992,3.5,0,0,0,9,4,0,3,9,4,,,0,Matches
500,Cole Palmer,eng ENG,"FW,MF",eng Manchester City,18,2002,0.1,0,0,0,0,0,2,0,0,0,,,0,Matches
Rk,Player,Nation,Pos,Squad,Age,Born,90s,CrdY,CrdR,2CrdY,Fls,Fld,Off,Crs,Int,TklW,PKwon,PKcon,OG,Matches
501,Emerson Palmieri,it ITA,DF,eng Chelsea,25,1994,2.4,0,0,0,8,2,2,24,3,5,,,0,Matches
502,Kaio Pantaleão,br BRA,DF,ru Krasnodar,24,1995,5.8,1,0,0,10,9,1,0,12,4,,,0,Matches
503,Leandro Paredes,ar ARG,MF,fr Paris Saint-Germain,26,1994,7.4,4,0,0,6,17,0,5,18,8,,,0,Matches
504,Marco Parolo,it ITA,MF,it Lazio,35,1985,2.7,0,0,0,1,2,1,0,5,4,,,0,Matches
505,Mario Pašalić,hr CRO,MF,it Atalanta,25,1995,3.1,0,0,0,1,2,1,1,7,3,,,0,Matches
506,Felix Passlack,de GER,MF,de Dortmund,22,1998,1.3,0,0,0,1,0,0,2,0,1,,,0,Matches
507,Alfonso Pastor,es ESP,GK,es Sevilla,19,2000,1,0,0,0,0,0,0,0,0,0,,,0,Matches
508,Patric,es ESP,DF,it Lazio,27,1993,4.7,1,0,0,2,3,1,4,9,2,,,0,Matches
509,Alan Patrick,br BRA,MF,ua Shakhtar Donetsk,29,1991,1.8,0,0,0,3,2,0,1,3,1,,,0,Matches
510,Giuliano de Paula,br BRA,"FW,MF",tr Başakşehir,30,1990,0.9,0,0,0,1,1,0,1,0,0,,,0,Matches
511,Paulinho,br BRA,DF,dk Midtjylland,25,1995,5.3,2,0,0,4,1,0,16,12,9,,,0,Matches
512,Benjamin Pavard,fr FRA,DF,de Bayern Munich,24,1996,6.3,1,0,0,8,7,1,25,10,6,,,0,Matches
513,Dimitri Payet,fr FRA,"MF,FW",fr Marseille,33,1987,3.8,1,0,0,1,7,1,26,1,2,,,0,Matches
514,Pedri,es ESP,MF,es Barcelona,17,2002,5.5,0,0,0,7,9,1,5,7,8,,,0,Matches
515,Timothee Pembele,fr FRA,DF,fr Paris Saint-Germain,17,2002,0.1,1,0,0,1,1,0,1,0,0,,,0,Matches
516,Carlos de Pena,uy URU,"MF,FW",ua Dynamo Kyiv,28,1992,3.6,1,0,0,5,4,1,16,9,4,,,0,Matches
517,Pepe,pt POR,DF,pt Porto,37,1983,6.3,2,0,0,4,6,0,0,4,6,,,0,Matches
518,Andreas Pereira,br BRA,MF,it Lazio,24,1996,1.5,0,0,0,1,2,0,14,1,5,,,0,Matches
519,Danilo Pereira,pt POR,"MF,DF",fr Paris Saint-Germain,28,1991,8.7,2,0,0,6,5,0,3,22,7,,,0,Matches
520,Ivan Perišić,hr CRO,"MF,FW",it Inter,31,1989,2.7,0,0,0,6,0,0,16,3,1,,,0,Matches
521,Matteo Pessina,it ITA,MF,it Atalanta,23,1997,5.4,0,0,0,3,13,1,3,13,4,,,0,Matches
522,Sergei Petrov,ru RUS,DF,ru Krasnodar,29,1991,0.8,0,0,0,1,0,0,0,0,0,,,0,Matches
523,Luca Pfeiffer,de GER,FW,dk Midtjylland,23,1996,0.2,0,0,0,0,0,1,0,0,0,,,0,Matches
524,Nathaniel Phillips,eng ENG,DF,eng Liverpool,23,1997,3,1,0,0,6,0,0,0,6,3,,,0,Matches
525,Andrea Pinamonti,it ITA,FW,it Inter,21,1999,0.1,0,0,0,1,0,0,0,0,0,,,0,Matches
Rk,Player,Nation,Pos,Squad,Age,Born,90s,CrdY,CrdR,2CrdY,Fls,Fld,Off,Crs,Int,TklW,PKwon,PKcon,OG,Matches
526,Gerard Piqué,es ESP,DF,es Barcelona,33,1987,2.6,0,1,0,3,0,0,0,3,1,,,0,Matches
527,Łukasz Piszczek,pl POL,DF,de Dortmund,35,1985,2.5,0,0,0,2,0,0,1,4,0,,,0,Matches
528,Miralem Pjanić,ba BIH,MF,es Barcelona,30,1990,5.5,1,0,0,12,5,0,3,13,4,,,0,Matches
529,Alassane Pléa,fr FRA,"FW,MF",de Gladbach,27,1993,6,1,0,0,7,8,4,9,2,1,,,0,Matches
530,Paul Pogba,fr FRA,MF,eng Manchester Utd,27,1993,2,0,0,0,2,8,0,3,3,2,,,0,Matches
531,Carlos Ponck,cv CPV,DF,tr Başakşehir,25,1995,2.1,0,0,0,1,0,0,0,6,0,,,0,Matches
532,Denys Popov,ua UKR,DF,ua Dynamo Kyiv,21,1999,4.6,1,0,0,6,1,0,0,15,3,,,0,Matches
533,Yussuf Poulsen,dk DEN,FW,de RB Leipzig,26,1994,5.6,0,0,0,7,19,1,1,3,4,,,0,Matches
534,Danila Prokhin,ru RUS,DF,ru Zenit,19,2001,2,1,0,0,1,1,0,0,6,2,,,0,Matches
535,Quincy Promes,nl NED,FW,nl Ajax,28,1992,2.8,1,0,0,3,1,3,2,2,4,,,0,Matches
536,Riqui Puig,es ESP,MF,es Barcelona,20,1999,1,0,0,0,3,3,0,0,2,0,,,0,Matches
537,Christian Pulisic,us USA,"MF,FW",eng Chelsea,21,1998,4.7,2,0,0,5,22,1,6,3,4,,,0,Matches
538,Andriy Pyatov,ua UKR,GK,ua Shakhtar Donetsk,36,1984,1,0,0,0,0,0,0,0,0,0,,,0,Matches
539,Adrien Rabiot,fr FRA,MF,it Juventus,25,1995,5.6,2,0,0,12,7,0,6,15,11,,,0,Matches
540,Nemanja Radonjić,rs SRB,FW,fr Marseille,24,1996,1,0,0,0,0,0,2,1,0,0,,,0,Matches
541,Ștefan Radu,ro ROU,DF,it Lazio,33,1986,1.5,1,0,0,2,0,0,2,2,1,,,0,Matches
542,Rafael,br BRA,"DF,MF",tr Başakşehir,30,1990,5.7,3,0,0,13,9,0,13,12,8,,,0,Matches
543,Rafinha,br BRA,MF,fr Paris Saint-Germain,27,1993,1.4,1,0,0,3,8,0,2,2,1,,,0,Matches
544,Rafinha,br BRA,DF,gr Olympiacos,34,1985,6,3,0,0,8,13,0,16,3,5,,,0,Matches
545,Slobodan Rajković,rs SRB,DF,ru Loko Moscow,31,1989,3,1,0,0,2,0,0,0,5,1,,,0,Matches
546,Ivan Rakitić,hr CRO,MF,es Sevilla,32,1988,5.1,0,0,0,4,8,0,11,7,5,,,0,Matches
547,Yaroslav Rakitskiy,ua UKR,DF,ru Zenit,30,1989,5.2,1,0,0,5,1,0,2,9,3,,,0,Matches
548,André Ramalho,br BRA,DF,at RB Salzburg,28,1992,6,3,0,0,6,7,0,1,12,3,,,0,Matches
549,Cristian Ramírez,ec ECU,"DF,MF",ru Krasnodar,25,1994,5.5,2,0,0,5,3,4,10,7,6,,,0,Matches
550,Sergio Ramos,es ESP,DF,es Real Madrid,34,1986,4.7,1,0,0,6,5,0,0,7,2,,,0,Matches
Rk,Player,Nation,Pos,Squad,Age,Born,90s,CrdY,CrdR,2CrdY,Fls,Fld,Off,Crs,Int,TklW,PKwon,PKcon,OG,Matches
551,Aaron Ramsey,wls WAL,MF,it Juventus,29,1990,4,1,0,0,4,0,1,5,9,2,,,0,Matches
552,Lazar Ranđelović,rs SRB,"MF,FW",gr Olympiacos,22,1997,2.6,0,0,0,3,2,1,6,3,4,,,0,Matches
553,Marcus Rashford,eng ENG,"MF,FW",eng Manchester Utd,22,1997,4.6,0,0,0,1,8,2,3,0,1,,,0,Matches
554,Pepe Reina,es ESP,GK,it Lazio,37,1982,7,1,0,0,0,1,0,0,2,0,,,0,Matches
555,Reinier,br BRA,"FW,MF",de Dortmund,18,2002,0.2,0,0,0,0,0,0,0,0,0,,,0,Matches
556,Karim Rekik,nl NED,DF,es Sevilla,25,1994,2.4,1,0,0,3,2,0,3,4,2,,,0,Matches
557,Marco Reus,de GER,"FW,MF",de Dortmund,31,1989,7.7,0,0,0,8,6,4,13,7,8,,,0,Matches
558,Gio Reyna,us USA,MF,de Dortmund,17,2002,5.1,1,0,0,2,10,0,4,5,1,,,0,Matches
559,Federico Ricca,uy URU,DF,be Club Brugge,25,1994,3,0,0,0,1,5,0,4,6,2,,,0,Matches
560,Chris Richards,us USA,DF,de Bayern Munich,20,2000,1.4,0,0,0,2,0,0,4,2,4,,,0,Matches
561,Mats Rits,be BEL,MF,be Club Brugge,27,1993,3.6,3,0,0,9,4,1,1,8,1,,,0,Matches
562,Sergi Roberto,es ESP,DF,es Barcelona,28,1992,2,1,0,0,1,3,0,0,3,5,,,0,Matches
563,Andrew Robertson,sct SCO,DF,eng Liverpool,26,1994,8.4,1,0,0,3,1,0,38,5,3,,,0,Matches
564,Marc Roca,es ESP,MF,de Bayern Munich,23,1996,1.7,2,1,1,3,3,0,2,2,0,,,0,Matches
565,Rodri,es ESP,MF,eng Manchester City,24,1996,8.7,1,0,0,8,7,1,1,8,7,,,0,Matches
566,Gerson Rodrigues,lu LUX,"MF,FW",ua Dynamo Kyiv,25,1995,2,0,0,0,2,4,0,2,3,1,,,0,Matches
567,Pedro Rodrigues,pt POR,MF,gr Olympiacos,23,1997,1.4,0,0,0,0,1,0,0,1,1,,,0,Matches
568,Óscar Rodríguez Arnaiz,es ESP,MF,es Sevilla,22,1998,3.1,3,0,0,6,12,0,10,3,5,,,0,Matches
569,Rodrygo,br BRA,"FW,MF",es Real Madrid,19,2001,3.6,0,0,0,3,7,1,14,2,2,,,0,Matches
570,Cristian Romero,ar ARG,DF,it Atalanta,22,1998,6.9,2,0,0,14,9,3,0,33,9,,,0,Matches
571,Cristiano Ronaldo,pt POR,FW,it Juventus,35,1985,6.3,0,0,0,2,7,9,5,2,0,,,0,Matches
572,Valentin Rongier,fr FRA,MF,fr Marseille,25,1994,4.9,0,0,0,13,7,0,0,19,9,,,0,Matches
573,Marten de Roon,nl NED,MF,it Atalanta,29,1991,5.3,1,0,0,11,3,0,2,11,8,,,0,Matches
574,Antonio Rüdiger,de GER,DF,eng Chelsea,27,1993,10.3,1,0,0,11,4,0,0,5,4,,,0,Matches
575,Daniele Rugani,it ITA,DF,fr Rennes,26,1994,0.2,0,0,0,0,0,0,0,0,0,,,0,Matches
Rk,Player,Nation,Pos,Squad,Age,Born,90s,CrdY,CrdR,2CrdY,Fls,Fld,Off,Crs,Int,TklW,PKwon,PKcon,OG,Matches
576,Matteo Ruggeri,it ITA,"DF,MF",it Atalanta,18,2002,0.2,0,0,0,0,0,0,1,1,0,,,0,Matches
577,Georginio Rutter,fr FRA,"FW,MF",fr Rennes,18,2002,0.2,0,0,0,0,0,0,0,0,2,,,0,Matches
578,Dmitrii Rybchinskii,ru RUS,MF,ru Loko Moscow,21,1998,1.7,0,0,0,2,4,2,3,8,4,,,0,Matches
579,Maciej Rybus,pl POL,"DF,MF",ru Loko Moscow,30,1989,6,0,0,0,4,6,0,8,15,3,,,0,Matches
580,José Sá,pt POR,GK,gr Olympiacos,27,1993,6,0,0,0,0,0,0,0,3,0,,,0,Matches
581,Marcel Sabitzer,at AUT,MF,de RB Leipzig,26,1994,6.3,2,0,0,12,14,1,5,13,6,,,0,Matches
582,Leon Sabua,ru RUS,MF,ru Krasnodar,19,2000,0.4,0,0,0,0,0,0,0,0,0,,,0,Matches
583,Matvei Safonov,ru RUS,GK,ru Krasnodar,21,1999,4,0,0,0,0,2,0,0,0,0,,,0,Matches
584,Hiroki Sakai,jp JPN,DF,fr Marseille,30,1990,6,1,0,0,6,2,0,5,12,8,,,0,Matches
585,Mohamed Salah,eg EGY,FW,eng Liverpool,28,1992,8.6,0,0,0,4,4,4,2,6,6,,,0,Matches
586,Romain Salin,fr FRA,GK,fr Rennes,36,1984,2,0,0,0,0,0,0,0,0,0,,,0,Matches
587,Alexis Sánchez,cl CHI,FW,it Inter,31,1988,1.3,0,0,0,1,0,0,2,3,1,,,0,Matches
588,Jadon Sancho,eng ENG,MF,de Dortmund,20,2000,4.3,0,0,0,1,1,1,23,5,1,,,0,Matches
589,Alex Sandro,br BRA,"DF,MF",it Juventus,29,1991,5.3,1,0,0,10,10,1,17,15,6,,,0,Matches
590,Leroy Sané,de GER,MF,de Bayern Munich,24,1996,6.4,1,0,0,8,7,0,12,5,5,,,0,Matches
591,Morgan Sanson,fr FRA,MF,fr Marseille,25,1994,4.1,1,0,0,10,6,1,5,5,5,,,0,Matches
592,Douglas Santos,br BRA,"DF,MF",ru Zenit,26,1994,4.4,0,0,0,3,5,0,21,9,8,,,0,Matches
593,Zaidu Sanusi,ng NGA,DF,pt Porto,23,1997,9.6,0,0,0,13,13,3,19,16,13,,,0,Matches
594,Pablo Sarabia,es ESP,FW,fr Paris Saint-Germain,28,1992,1.6,0,0,0,2,3,1,4,2,3,,,0,Matches
595,Bouna Sarr,sn SEN,"MF,DF",de Bayern Munich,28,1992,2.1,1,0,0,3,1,0,15,2,1,,,0,Matches
596,Malang Sarr,fr FRA,DF,pt Porto,21,1999,4.7,0,0,0,3,2,0,0,6,1,,,0,Matches
597,Stefan Savić,me MNE,DF,es Atlético Madrid,29,1991,7.9,2,1,0,10,3,1,0,7,3,,,0,Matches
598,Alexander Scholz,dk DEN,DF,dk Midtjylland,27,1992,6,1,0,0,3,4,1,1,14,4,,,0,Matches
599,Siebe Schrijvers,be BEL,"FW,MF",be Club Brugge,24,1996,0.3,0,0,0,0,0,0,1,0,0,,,0,Matches
600,Nico Schulz,de GER,"MF,DF",de Dortmund,27,1993,2.3,0,0,0,7,1,0,5,1,3,,,0,Matches
Rk,Player,Nation,Pos,Squad,Age,Born,90s,CrdY,CrdR,2CrdY,Fls,Fld,Off,Crs,Int,TklW,PKwon,PKcon,OG,Matches
601,Perr Schuurs,nl NED,DF,nl Ajax,20,1999,5.6,2,0,0,7,3,1,0,10,3,,,0,Matches
602,Rúben Semedo,pt POR,DF,gr Olympiacos,26,1994,5.9,2,1,1,7,6,0,0,12,0,,,0,Matches
603,Stefano Sensi,it ITA,MF,it Inter,24,1995,0.1,1,0,0,2,1,0,0,0,0,,,0,Matches
604,Artem Shabanov,ua UKR,DF,ua Dynamo Kyiv,28,1992,1,0,0,0,0,2,0,2,1,1,,,0,Matches
605,Daniil Shamkin,ru RUS,MF,ru Zenit,18,2002,0.4,0,0,0,1,0,0,0,1,1,,,0,Matches
606,Mykola Shaparenko,ua UKR,MF,ua Dynamo Kyiv,21,1998,4.7,1,0,0,9,11,1,5,6,9,,,0,Matches
607,Xherdan Shaqiri,ch SUI,MF,eng Liverpool,28,1991,1.8,0,0,0,5,1,0,5,3,1,,,0,Matches
608,Luke Shaw,eng ENG,DF,eng Manchester Utd,25,1995,3.7,1,0,0,6,3,0,22,9,5,,,0,Matches
609,Volodymyr Shepelyev,ua UKR,MF,ua Dynamo Kyiv,23,1997,2.9,0,0,0,3,2,0,1,5,1,,,0,Matches
610,Dávid Sigér,hu HUN,MF,hu Ferencváros,29,1990,4.3,1,0,0,10,2,0,0,5,0,,,0,Matches
611,Bernardo Silva,pt POR,"MF,FW",eng Manchester City,25,1994,10.3,1,0,0,11,8,2,8,4,8,,,0,Matches
612,Thiago Silva,br BRA,DF,eng Chelsea,35,1984,6.3,0,0,0,3,6,0,0,7,3,,,0,Matches
613,Aleksandr Silyanov,ru RUS,DF,ru Loko Moscow,19,2001,0,0,0,0,0,0,0,0,0,0,,,0,Matches
614,Pione Sisto,dk DEN,"MF,FW",dk Midtjylland,25,1995,3.8,1,0,0,4,13,0,2,2,1,,,0,Matches
615,Milan Škriniar,sk SVK,DF,it Inter,25,1995,3,0,0,0,2,5,0,2,2,3,,,0,Matches
616,Martin Škrtel,sk SVK,DF,tr Başakşehir,35,1984,4.5,3,0,0,9,0,0,0,8,5,,,0,Matches
617,Igor Smolnikov,ru RUS,"DF,MF",ru Krasnodar,31,1988,5,0,0,0,5,11,0,9,9,3,,,0,Matches
618,Fyodor Smolov,ru RUS,"FW,MF",ru Loko Moscow,30,1990,2.2,0,0,0,6,1,0,2,2,0,,,0,Matches
619,Eduard Sobol,ua UKR,"MF,DF",be Club Brugge,25,1995,3.5,2,1,1,8,6,1,14,3,5,,,0,Matches
620,Manor Solomon,il ISR,"MF,FW",ua Shakhtar Donetsk,21,1999,4.1,1,0,0,1,9,0,4,4,3,,,0,Matches
621,Somália,br BRA,MF,hu Ferencváros,31,1988,5.2,1,0,0,3,7,0,0,13,4,,,0,Matches
622,Yann Sommer,ch SUI,GK,de Gladbach,31,1988,8,0,0,0,0,0,0,0,0,0,,,0,Matches
623,Brandon Soppy,fr FRA,DF,fr Rennes,18,2002,1.8,1,0,0,3,0,0,2,0,0,,,0,Matches
624,Yegor Sorokin,ru RUS,DF,ru Krasnodar,24,1995,1.7,0,0,0,1,1,0,1,6,2,,,0,Matches
625,Hillel Soudani,dz ALG,"FW,MF",gr Olympiacos,32,1987,0.4,0,0,0,1,1,3,0,0,0,,,0,Matches
Rk,Player,Nation,Pos,Squad,Age,Born,90s,CrdY,CrdR,2CrdY,Fls,Fld,Off,Crs,Int,TklW,PKwon,PKcon,OG,Matches
626,Eduard Spertsyan,am ARM,MF,ru Krasnodar,20,2000,0.4,1,0,0,3,0,1,0,1,0,,,0,Matches
627,Marco Sportiello,it ITA,GK,it Atalanta,28,1992,5,0,0,0,0,1,0,0,0,0,,,0,Matches
628,Cican Stankovic,at AUT,GK,at RB Salzburg,27,1992,6,1,0,0,0,1,0,0,0,1,,,0,Matches
629,Zack Steffen,us USA,GK,eng Manchester City,25,1995,1,0,0,0,0,0,0,0,0,0,,,0,Matches
630,Taras Stepanenko,ua UKR,"MF,DF",ua Shakhtar Donetsk,30,1989,3.2,1,0,0,3,3,0,0,5,2,,,0,Matches
631,Raheem Sterling,eng ENG,"FW,MF",eng Manchester City,25,1994,7.2,1,0,0,9,7,4,4,3,3,,,0,Matches
632,Angelo Stiller,de GER,MF,de Bayern Munich,19,2001,0.2,0,0,0,1,0,0,0,1,1,,,0,Matches
633,Lars Stindl,de GER,"MF,FW",de Gladbach,31,1988,5.9,2,0,0,11,5,1,11,6,5,,,0,Matches
634,John Stones,eng ENG,DF,eng Manchester City,26,1994,8.9,0,0,0,2,2,0,0,10,4,,,0,Matches
635,Thomas Strakosha,al ALB,GK,it Lazio,25,1995,1,1,0,0,0,0,0,0,0,0,,,0,Matches
636,Kevin Strootman,nl NED,MF,fr Marseille,30,1990,0.3,1,0,0,2,0,0,0,0,0,,,0,Matches
637,Luis Suárez,uy URU,FW,es Atlético Madrid,33,1987,5.1,1,0,0,1,13,9,3,1,1,,,0,Matches
638,Luka Sučić,hr CRO,"FW,MF",at RB Salzburg,17,2002,0.5,0,0,0,0,0,0,1,1,2,,,0,Matches
639,Heorhiy Sudakov,ua UKR,MF,ua Shakhtar Donetsk,17,2002,0.1,0,0,0,0,0,0,0,0,0,,,0,Matches
640,Niklas Süle,de GER,DF,de Bayern Munich,24,1995,6,0,0,0,8,1,0,2,13,3,,,0,Matches
641,Magomed-Shapi Suleymanov,ru RUS,MF,ru Krasnodar,20,1999,2.3,1,0,0,2,6,0,7,1,4,,,0,Matches
642,Vladyslav Supriaha,ua UKR,FW,ua Dynamo Kyiv,20,2000,3.4,0,0,0,4,6,1,0,1,0,,,0,Matches
643,Suso,es ESP,"FW,MF",es Sevilla,26,1993,3.1,0,0,0,3,12,0,22,2,4,,,0,Matches
644,Aleksei Sutormin,ru RUS,DF,ru Zenit,26,1994,2.7,1,0,0,5,5,1,6,3,4,,,0,Matches
645,Erik Sviatchenko,dk DEN,DF,dk Midtjylland,28,1991,5,0,1,0,11,1,1,0,19,2,,,0,Matches
646,Serhiy Sydorchuk,ua UKR,MF,ua Dynamo Kyiv,29,1991,3.9,2,1,1,6,4,0,0,14,3,,,0,Matches
647,Wojciech Szczęsny,pl POL,GK,it Juventus,30,1990,7.3,0,0,0,0,1,0,0,1,1,,,0,Matches
648,Dominik Szoboszlai,hu HUN,MF,at RB Salzburg,19,2000,5.6,1,0,0,8,5,1,45,3,1,,,0,Matches
649,Alexander Sørloth,no NOR,FW,de RB Leipzig,24,1995,1.3,0,0,0,2,2,2,2,0,1,,,0,Matches
650,Dušan Tadić,rs SRB,"FW,MF",nl Ajax,31,1988,6,0,0,0,8,14,2,29,0,2,,,0,Matches
Rk,Player,Nation,Pos,Squad,Age,Born,90s,CrdY,CrdR,2CrdY,Fls,Fld,Off,Crs,Int,TklW,PKwon,PKcon,OG,Matches
651,Nicolás Tagliafico,ar ARG,DF,nl Ajax,27,1992,5.7,1,0,0,7,12,0,12,5,8,,,1,Matches
652,Taison,br BRA,FW,ua Shakhtar Donetsk,32,1988,3.1,0,0,0,4,7,0,0,1,4,,,0,Matches
653,Flavien Tait,fr FRA,"FW,MF",fr Rennes,27,1993,0.5,1,0,0,0,1,0,3,1,0,,,0,Matches
654,Mehdi Taremi,ir IRN,FW,pt Porto,28,1992,2.2,3,1,1,3,4,0,0,2,0,,,0,Matches
655,Mahmut Tekdemir,tr TUR,MF,tr Başakşehir,32,1988,2,3,0,0,6,1,0,1,6,1,,,0,Matches
656,Alex Telles,br BRA,"MF,DF",eng Manchester Utd,27,1992,3.2,0,0,0,5,1,0,33,1,5,,,0,Matches
657,Marc-André ter Stegen,de GER,GK,es Barcelona,28,1992,5,0,0,0,0,0,0,0,0,0,,,0,Matches
658,Martin Terrier,fr FRA,"FW,MF",fr Rennes,23,1997,2.7,0,0,0,2,4,0,1,4,4,,,0,Matches
659,Tetê,br BRA,"MF,FW",ua Shakhtar Donetsk,20,2000,5.7,0,0,0,7,11,1,8,4,3,,,0,Matches
660,Florian Thauvin,fr FRA,"MF,FW",fr Marseille,27,1993,5.3,2,0,0,5,8,2,23,3,7,,,0,Matches
661,Marcus Thuram,fr FRA,MF,de Gladbach,22,1997,6.6,0,0,0,14,11,1,3,7,4,,,0,Matches
662,Steffen Tigges,de GER,FW,de Dortmund,22,1998,0.1,0,0,0,0,0,0,0,0,0,,,0,Matches
663,Jurriën Timber,nl NED,DF,nl Ajax,19,2001,0,0,0,0,0,0,0,0,0,0,,,0,Matches
664,Corentin Tolisso,fr FRA,MF,de Bayern Munich,25,1994,2.8,0,0,0,2,6,0,2,1,0,,,0,Matches
665,Rafael Tolói,it ITA,DF,it Atalanta,29,1990,6.9,1,0,0,11,5,0,2,15,13,,,0,Matches
666,Mehmet Topal,tr TUR,"MF,DF",tr Başakşehir,34,1986,2.5,1,0,0,5,2,0,1,7,1,,,0,Matches
667,Lucas Torreira,uy URU,MF,es Atlético Madrid,24,1996,0.5,1,0,0,1,1,0,0,2,2,,,0,Matches
668,Ferrán Torres,es ESP,FW,eng Manchester City,20,2000,4,0,0,0,1,5,3,1,3,2,,,0,Matches
669,Óliver Torres,es ESP,MF,es Sevilla,25,1994,3.1,1,0,0,3,5,1,11,3,5,,,0,Matches
670,Hamari Traoré,ml MLI,DF,fr Rennes,28,1992,6,2,0,0,9,4,0,23,12,4,,,0,Matches
671,Ibrahima Traoré,gn GUI,MF,de Gladbach,32,1988,0.3,0,0,0,0,0,0,1,0,0,,,0,Matches
672,Francisco Trincão,pt POR,MF,es Barcelona,20,1999,3.7,1,0,0,5,6,0,5,3,4,,,0,Matches
673,Kieran Trippier,eng ENG,"DF,MF",es Atlético Madrid,29,1990,6.8,0,0,0,5,5,0,34,8,6,,,0,Matches
674,Anatolii Trubin,ua UKR,GK,ua Shakhtar Donetsk,18,2001,5,1,0,0,0,1,0,0,1,0,,,0,Matches
675,Adrien Truffert,fr FRA,DF,fr Rennes,18,2001,2.7,0,0,0,3,0,0,13,4,6,,,0,Matches
Rk,Player,Nation,Pos,Squad,Age,Born,90s,CrdY,CrdR,2CrdY,Fls,Fld,Off,Crs,Int,TklW,PKwon,PKcon,OG,Matches
676,Kostas Tsimikas,gr GRE,DF,eng Liverpool,24,1996,1.4,1,0,0,6,2,0,10,2,2,,,0,Matches
677,Viktor Tsyhankov,ua UKR,"MF,FW",ua Dynamo Kyiv,22,1997,4.7,0,0,0,3,6,0,16,5,4,,,0,Matches
678,Axel Tuanzebe,cd COD,DF,eng Manchester Utd,22,1997,2.3,3,0,0,4,0,0,0,2,4,,,0,Matches
679,Deniz Turuc,tr TUR,"MF,FW",tr Başakşehir,27,1993,5.8,2,0,0,7,12,1,30,5,1,,,0,Matches
680,Andreas Ulmer,at AUT,DF,at RB Salzburg,34,1985,6,0,0,0,6,2,0,20,10,13,,,0,Matches
681,Samuel Umtiti,fr FRA,DF,es Barcelona,26,1993,0.4,1,0,0,1,0,0,0,0,0,,,0,Matches
682,Dayot Upamecano,fr FRA,DF,de RB Leipzig,21,1998,6.7,3,0,0,10,2,0,0,15,16,,,0,Matches
683,Mateus Uribe,co COL,MF,pt Porto,29,1991,8.3,1,0,0,11,6,0,3,9,14,,,0,Matches
684,Daniil Utkin,ru RUS,MF,ru Krasnodar,20,1999,2.5,0,0,0,2,3,0,0,0,2,,,0,Matches
685,Myrto Uzuni,al ALB,"FW,MF",hu Ferencváros,25,1995,2.7,0,0,0,1,7,1,8,1,1,,,0,Matches
686,Tomáš Vaclík,cz CZE,GK,es Sevilla,31,1989,2,0,0,0,0,0,0,0,0,0,,,0,Matches
687,Mathieu Valbuena,fr FRA,"FW,MF",gr Olympiacos,35,1984,2.8,0,0,0,5,4,0,25,1,2,,,0,Matches
688,Albert Vallci,at AUT,DF,at RB Salzburg,25,1995,1,0,0,0,1,0,0,2,4,0,,,0,Matches
689,Federico Valverde,uy URU,"MF,DF",es Real Madrid,22,1998,5.4,3,0,0,7,3,0,8,16,9,,,0,Matches
690,Thomas Van den Keybus,be BEL,MF,be Club Brugge,19,2001,0,0,0,0,0,0,0,0,0,0,,,0,Matches
691,Ignace Van Der Brempt,be BEL,DF,be Club Brugge,18,2002,0.1,0,0,0,1,0,0,0,1,0,,,0,Matches
692,Hans Vanaken,be BEL,MF,be Club Brugge,27,1992,5.9,1,0,0,3,5,0,4,9,3,,,0,Matches
693,Raphaël Varane,fr FRA,DF,es Real Madrid,27,1993,9,2,0,0,6,3,1,1,18,4,,,1,Matches
694,Franco Vázquez,ar ARG,MF,es Sevilla,31,1989,1,0,0,0,3,1,0,2,1,2,,,0,Matches
695,Lucas Vázquez,es ESP,"DF,MF",es Real Madrid,29,1991,8,1,0,0,17,18,1,33,5,8,,,0,Matches
696,Benjamin Verbič,si SVN,FW,ua Dynamo Kyiv,26,1993,3.2,0,0,0,6,8,1,0,3,2,,,0,Matches
697,Marco Verratti,it ITA,MF,fr Paris Saint-Germain,27,1992,5.6,3,0,0,9,12,0,2,5,12,,,0,Matches
698,Lasse Vibe,dk DEN,"FW,MF",dk Midtjylland,33,1987,0.5,1,0,0,1,0,0,0,0,1,,,0,Matches
699,Arturo Vidal,cl CHI,MF,it Inter,33,1987,3.2,4,1,1,9,5,0,1,8,8,,,0,Matches
700,Fabio Vieira,pt POR,MF,pt Porto,20,2000,1.8,0,0,0,2,4,0,5,1,2,,,0,Matches
Rk,Player,Nation,Pos,Squad,Age,Born,90s,CrdY,CrdR,2CrdY,Fls,Fld,Off,Crs,Int,TklW,PKwon,PKcon,OG,Matches
701,Tonny Vilhena,nl NED,MF,ru Krasnodar,25,1995,4.3,0,0,0,3,12,0,11,6,5,,,0,Matches
702,Rúben Vinagre,pt POR,"DF,MF",gr Olympiacos,21,1999,0.2,0,0,0,0,0,0,1,1,0,,,0,Matches
703,Edin Višća,ba BIH,MF,tr Başakşehir,30,1990,4.7,0,0,0,2,7,1,21,5,2,,,0,Matches
704,Vitão,br BRA,DF,ua Shakhtar Donetsk,20,2000,1.4,1,0,0,1,0,0,0,5,2,,,0,Matches
705,Vitolo,es ESP,"FW,MF",es Atlético Madrid,30,1989,0.3,0,0,0,2,0,0,0,0,0,,,0,Matches
706,Bohdan Viunnyk,ua UKR,FW,ua Shakhtar Donetsk,18,2002,0,0,0,0,1,0,0,0,0,0,,,0,Matches
707,Ruud Vormer,nl NED,MF,be Club Brugge,32,1988,5.7,0,0,0,1,1,2,35,8,10,,,0,Matches
708,Stefan de Vrij,nl NED,DF,it Inter,28,1992,6,2,0,0,5,1,0,0,17,4,,,0,Matches
709,Marious Vrousai,gr GRE,MF,gr Olympiacos,22,1998,2.1,0,0,0,2,1,0,1,5,2,,,0,Matches
710,Kyle Walker,eng ENG,DF,eng Manchester City,30,1990,10.9,1,0,0,8,3,2,6,13,11,,,0,Matches
711,Aaron Wan-Bissaka,cd COD,"DF,MF",eng Manchester Utd,22,1997,5.2,0,0,0,3,3,0,3,9,7,,,0,Matches
712,Wanderson,br BRA,"MF,FW",ru Krasnodar,25,1994,2.3,1,0,0,1,3,0,4,2,1,,,0,Matches
713,Wendel,br BRA,MF,ru Zenit,22,1997,1.6,0,0,0,0,4,0,1,2,3,,,0,Matches
714,Oscar Wendt,se SWE,DF,de Gladbach,34,1985,2.4,0,0,0,1,1,0,10,7,4,,,0,Matches
715,Timo Werner,de GER,"FW,MF",eng Chelsea,24,1996,9,0,0,0,9,10,11,9,4,4,,,0,Matches
716,Georginio Wijnaldum,nl NED,MF,eng Liverpool,29,1990,8,2,0,0,12,8,0,0,9,4,,,0,Matches
717,Brandon Williams,eng ENG,DF,eng Manchester Utd,19,2000,0.7,1,0,0,2,1,0,1,1,0,,,0,Matches
718,Neco Williams,wls WAL,DF,eng Liverpool,19,2001,2.1,0,0,0,2,3,1,6,6,4,,,0,Matches
719,Rhys Williams,eng ENG,DF,eng Liverpool,19,2001,3.7,0,0,0,4,0,0,0,6,5,,,0,Matches
720,Axel Witsel,be BEL,"MF,DF",de Dortmund,31,1989,4,0,0,0,2,5,0,0,7,6,,,0,Matches
721,Maximilian Wöber,at AUT,DF,at RB Salzburg,22,1998,5.7,1,0,0,9,0,0,3,11,7,,,0,Matches
722,Hannes Wolf,at AUT,"FW,MF",de Gladbach,21,1999,0.9,0,0,0,1,3,0,0,0,1,,,0,Matches
723,Ashley Young,eng ENG,MF,it Inter,35,1985,4.6,1,0,0,6,2,1,20,3,3,,,0,Matches
724,Illia Zabarnyi,ua UKR,DF,ua Dynamo Kyiv,17,2002,6,1,0,0,4,1,0,0,11,1,,,0,Matches
725,Dan-Axel Zagadou,fr FRA,DF,de Dortmund,21,1999,0.2,0,0,0,0,0,0,0,1,0,,,0,Matches
Rk,Player,Nation,Pos,Squad,Age,Born,90s,CrdY,CrdR,2CrdY,Fls,Fld,Off,Crs,Int,TklW,PKwon,PKcon,OG,Matches
726,Denis Zakaria,ch SUI,MF,de Gladbach,23,1996,3.2,1,0,0,7,0,0,1,5,6,,,0,Matches
727,Duván Zapata,co COL,FW,it Atalanta,29,1991,5.8,0,0,0,4,15,10,11,0,4,,,0,Matches
728,Rifat Zhemaletdinov,ru RUS,MF,ru Loko Moscow,23,1996,1.2,2,0,0,4,2,0,2,0,0,,,0,Matches
729,Yuri Zhirkov,ru RUS,"MF,DF",ru Zenit,36,1983,1.8,0,0,0,0,0,0,7,2,2,,,0,Matches
730,Dmitri Zhivoglyadov,ru RUS,"DF,MF",ru Loko Moscow,26,1994,5.9,2,0,0,5,9,0,13,6,6,,,0,Matches
731,Oleksandr Zinchenko,ua UKR,DF,eng Manchester City,23,1996,6.5,1,0,0,4,1,1,23,3,8,,,0,Matches
732,Joshua Zirkzee,nl NED,FW,de Bayern Munich,19,2001,0.1,0,0,0,0,0,0,0,0,0,,,0,Matches
733,Hakim Ziyech,ma MAR,"FW,MF",eng Chelsea,27,1993,3.9,2,0,0,4,5,2,11,3,6,,,0,Matches
734,Kurt Zouma,fr FRA,DF,eng Chelsea,25,1994,5,0,0,0,4,2,0,0,4,2,,,0,Matches
735,Oleksandr Zubkov,ua UKR,"MF,FW",hu Ferencváros,23,1996,4.3,0,0,0,4,9,0,7,4,6,,,0,Matches
736,Martin Ødegaard,no NOR,MF,es Real Madrid,21,1998,1.5,0,0,0,0,0,0,6,0,1,,,0,Matches