Rk,Player,Nation,Pos,Squad,Age,Born,MP,Starts,Min,90s,Gls,Ast,G+A,G-PK,PK,PKatt,CrdY,CrdR,Gls,Ast,G+A,G-PK,G+A-PK,Matches
1,Liel Abada,il ISR,"MF,FW",sct Celtic,20,2001,5,4,217,2.4,0,0,0,0,0,0,0,0,0,0,0,0,0,Matches
2,Oliver Abildgaard,dk DEN,"DF,MF",sct Celtic,26,1996,2,0,63,0.7,0,0,0,0,0,0,0,0,0,0,0,0,0,Matches
3,Mohammad Abu Fani,il ISR,MF,il Maccabi Haifa,24,1998,6,4,400,4.4,0,0,0,0,0,0,1,0,0,0,0,0,0,Matches
4,Francesco Acerbi,it ITA,DF,it Inter,34,1988,12,10,921,10.2,0,0,0,0,0,0,1,0,0,0,0,0,0,Matches
5,Marcos Acuña,ar ARG,"DF,MF",es Sevilla,30,1991,4,3,219,2.4,0,1,1,0,0,0,0,0,0,0.41,0.41,0,0.41,Matches
6,Junior Adamu,at AUT,FW,at RB Salzburg,21,2001,6,2,204,2.3,1,1,2,1,0,0,1,0,0.44,0.44,0.88,0.44,0.88,Matches
7,Antonio Adán,es ESP,GK,pt Sporting CP,35,1987,5,5,382,4.2,0,0,0,0,0,0,0,1,0,0,0,0,0,Matches
8,Arijan Ademi,mk MKD,MF,hr Dinamo Zagreb,31,1991,6,6,471,5.2,0,0,0,0,0,0,2,0,0,0,0,0,0,Matches
9,Karim Adeyemi,de GER,MF,de Dortmund,20,2002,6,5,376,4.2,2,0,2,2,0,0,1,0,0.48,0,0.48,0.48,0.48,Matches
10,Amine Adli,ma MAR,MF,de Leverkusen,22,2000,4,1,121,1.3,0,0,0,0,0,0,0,0,0,0,0,0,0,Matches
11,Manuel Akanji,ch SUI,"DF,MF",eng Manchester City,27,1995,11,10,945,10.5,1,0,1,1,0,0,2,0,0.1,0,0.1,0.1,0.1,Matches
12,Nathan Aké,nl NED,DF,eng Manchester City,27,1995,8,7,608,6.8,0,0,0,0,0,0,1,0,0,0,0,0,0,Matches
13,David Alaba,at AUT,DF,es Real Madrid,30,1992,11,9,711,7.9,0,0,0,0,0,0,0,0,0,0,0,0,0,Matches
14,Lucas Alario,ar ARG,FW,de Eintracht Frankfurt,29,1992,2,0,20,0.2,0,0,0,0,0,0,0,0,0,0,0,0,0,Matches
15,Jordi Alba,es ESP,DF,es Barcelona,33,1989,2,2,146,1.6,0,1,1,0,0,0,0,0,0,0.62,0.62,0,0.62,Matches
16,Thiago Alcántara,es ESP,MF,eng Liverpool,31,1991,5,3,306,3.4,0,0,0,0,0,0,0,0,0,0,0,0,0,Matches
17,Trent Alexander-Arnold,eng ENG,DF,eng Liverpool,23,1998,7,7,625,6.9,1,0,1,1,0,0,2,0,0.14,0,0.14,0.14,0.14,Matches
18,Sotiris Alexandropoulos,gr GRE,MF,pt Sporting CP,20,2001,3,0,121,1.3,0,0,0,0,0,0,0,0,0,0,0,0,0,Matches
19,Faride Alidou,de GER,FW,de Eintracht Frankfurt,21,2001,5,0,73,0.8,1,0,1,1,0,0,0,0,1.23,0,1.23,1.23,1.23,Matches
20,Alisson,br BRA,GK,eng Liverpool,29,1992,8,8,720,8,0,0,0,0,0,0,0,0,0,0,0,0,0,Matches
21,Marcos Alonso,es ESP,DF,es Barcelona,31,1990,5,5,403,4.5,1,0,1,1,0,0,0,0,0.22,0,0.22,0.22,0.22,Matches
22,Éder Álvarez Balanta,co COL,"DF,MF",be Club Brugge,29,1993,4,0,50,0.6,0,0,0,0,0,0,0,0,0,0,0,0,0,Matches
23,Edson Álvarez,mx MEX,MF,nl Ajax,24,1997,6,6,531,5.9,1,0,1,1,0,0,2,0,0.17,0,0.17,0.17,0.17,Matches
24,Julián Álvarez,ar ARG,FW,eng Manchester City,22,2000,10,4,474,5.3,3,2,5,3,0,0,1,0,0.57,0.38,0.95,0.57,0.95,Matches
25,Nadiem Amiri,de GER,MF,de Leverkusen,25,1996,5,1,123,1.4,0,1,1,0,0,0,0,0,0,0.73,0.73,0,0.73,Matches
Rk,Player,Nation,Pos,Squad,Age,Born,MP,Starts,Min,90s,Gls,Ast,G+A,G-PK,PK,PKatt,CrdY,CrdR,Gls,Ast,G+A,G-PK,G+A-PK,Matches
26,Robert Andrich,de GER,MF,de Leverkusen,27,1994,5,5,407,4.5,1,0,1,1,0,0,4,0,0.22,0,0.22,0.22,0.22,Matches
27,Peter Ankersen,dk DEN,DF,dk FC Copenhagen,31,1990,1,0,25,0.3,0,0,0,0,0,0,0,0,0,0,0,0,0,Matches
28,Ofri Arad,il ISR,MF,il Maccabi Haifa,23,1998,2,0,22,0.2,0,0,0,0,0,0,0,0,0,0,0,0,0,Matches
29,Charles Aránguiz,cl CHI,MF,de Leverkusen,33,1989,4,3,215,2.4,0,0,0,0,0,0,0,0,0,0,0,0,0,Matches
30,Henrique Araújo,pt POR,FW,pt Benfica,20,2002,1,0,9,0.1,1,0,1,1,0,0,0,0,10,0,10,10,10,Matches
31,Ronald Araújo,uy URU,DF,es Barcelona,23,1999,1,1,90,1,0,0,0,0,0,0,0,0,0,0,0,0,0,Matches
32,Scott Arfield,ca CAN,MF,sct Rangers,33,1988,4,3,267,3,1,0,1,1,0,0,0,0,0.34,0,0.34,0.34,0.34,Matches
33,Kepa Arrizabalaga,es ESP,GK,eng Chelsea,27,1994,9,9,810,9,0,0,0,0,0,0,2,0,0,0,0,0,0,Matches
34,Arthur,br BRA,FW,pt Sporting CP,24,1998,3,1,111,1.2,2,0,2,2,0,0,0,0,1.62,0,1.62,1.62,1.62,Matches
35,Marco Asensio,es ESP,FW,es Real Madrid,26,1996,12,2,324,3.6,3,1,4,3,0,0,0,0,0.83,0.28,1.11,0.83,1.11,Matches
36,Kristjan Asllani,al ALB,MF,it Inter,20,2002,5,1,129,1.4,0,0,0,0,0,0,0,0,0,0,0,0,0,Matches
37,Omer Atzili,il ISR,FW,il Maccabi Haifa,29,1993,6,3,308,3.4,2,1,3,2,0,0,3,0,0.58,0.29,0.88,0.58,0.88,Matches
38,Pierre-Emerick Aubameyang,ga GAB,"FW,MF",eng Chelsea,33,1989,6,6,403,4.5,2,1,3,2,0,0,0,0,0.45,0.22,0.67,0.45,0.67,Matches
39,Lynnt Audoor,be BEL,MF,be Club Brugge,18,2003,1,0,11,0.1,0,0,0,0,0,0,0,0,0,0,0,0,0,Matches
40,Fredrik Aursnes,no NOR,MF,pt Benfica,26,1995,10,7,620,6.9,1,0,1,1,0,0,0,0,0.15,0,0.15,0.15,0.15,Matches
41,Sardar Azmoun,ir IRN,"FW,MF",de Leverkusen,27,1995,2,0,7,0.1,0,0,0,0,0,0,0,0,0,0,0,0,0,Matches
42,César Azpilicueta,es ESP,DF,eng Chelsea,32,1989,5,3,260,2.9,0,0,0,0,0,0,0,0,0,0,0,0,0,Matches
43,Youri Baas,nl NED,DF,nl Ajax,19,2003,3,0,44,0.5,0,0,0,0,0,0,0,0,0,0,0,0,0,Matches
44,Alexander Bah,dk DEN,DF,pt Benfica,24,1997,8,8,654,7.3,0,2,2,0,0,0,1,0,0,0.28,0.28,0,0.28,Matches
45,Eric Bailly,ci CIV,DF,fr Marseille,28,1994,5,5,302,3.4,0,0,0,0,0,0,2,0,0,0,0,0,0,Matches
46,Stefan Bajcetic,es ESP,MF,eng Liverpool,17,2004,4,1,109,1.2,0,0,0,0,0,0,0,0,0,0,0,0,0,Matches
47,Mitchel Bakker,nl NED,"MF,DF",de Leverkusen,22,2000,5,4,338,3.8,0,0,0,0,0,0,2,0,0,0,0,0,0,Matches
48,Alejandro Balde,es ESP,DF,es Barcelona,18,2003,4,1,171,1.9,0,0,0,0,0,0,0,0,0,0,0,0,0,Matches
49,Leonardo Balerdi,ar ARG,DF,fr Marseille,23,1999,6,5,491,5.5,1,0,1,1,0,0,1,0,0.18,0,0.18,0.18,0.18,Matches
50,Fodé Ballo-Touré,sn SEN,DF,it Milan,25,1997,4,1,135,1.5,0,0,0,0,0,0,2,0,0,0,0,0,0,Matches
Rk,Player,Nation,Pos,Squad,Age,Born,MP,Starts,Min,90s,Gls,Ast,G+A,G-PK,PK,PKatt,CrdY,CrdR,Gls,Ast,G+A,G-PK,G+A-PK,Matches
51,Tommaso Barbieri,it ITA,"DF,MF",it Juventus,19,2002,1,0,3,0,0,0,0,0,0,0,0,0,0,0,0,0,0,Matches
52,Roony Bardghji,se SWE,FW,dk FC Copenhagen,16,2005,2,1,98,1.1,0,0,0,0,0,0,0,0,0,0,0,0,0,Matches
53,Nicolò Barella,it ITA,MF,it Inter,25,1997,12,12,991,11,3,0,3,3,0,0,3,0,0.27,0,0.27,0.27,0.27,Matches
54,Borna Barišić,hr CRO,DF,sct Rangers,29,1992,6,5,465,5.2,0,0,0,0,0,0,1,0,0,0,0,0,0,Matches
55,Enzo Barrenechea,ar ARG,MF,it Juventus,21,2001,1,0,3,0,0,0,0,0,0,0,0,0,0,0,0,0,0,Matches
56,Pablo Barrios,es ESP,MF,es Atlético Madrid,19,2003,1,0,6,0.1,0,0,0,0,0,0,0,0,0,0,0,0,0,Matches
57,Calvin Bassey,ng NGA,DF,nl Ajax,22,1999,6,6,540,6,0,1,1,0,0,0,1,0,0,0.17,0.17,0,0.17,Matches
58,Fortune Bassey,ng NGA,FW,cz Viktoria Plzeň,23,1998,5,1,134,1.5,0,0,0,0,0,0,0,0,0,0,0,0,0,Matches
59,Alessandro Bastoni,it ITA,DF,it Inter,23,1999,12,12,983,10.9,0,3,3,0,0,0,2,0,0,0.27,0.27,0,0.27,Matches
60,Dylan Batubinsika,cd COD,DF,il Maccabi Haifa,26,1996,5,5,450,5,0,0,0,0,0,0,0,0,0,0,0,0,0,Matches
61,Martin Baturina,hr CRO,MF,hr Dinamo Zagreb,19,2003,5,0,60,0.7,0,0,0,0,0,0,1,0,0,0,0,0,0,Matches
62,Raoul Bellanova,it ITA,MF,it Inter,22,2000,3,1,120,1.3,0,0,0,0,0,0,0,0,0,0,0,0,0,Matches
63,Héctor Bellerín,es ESP,DF,es Barcelona,27,1995,2,2,180,2,0,0,0,0,0,0,0,0,0,0,0,0,0,Matches
64,Jude Bellingham,eng ENG,MF,de Dortmund,19,2003,7,7,630,7,4,1,5,4,0,0,2,0,0.57,0.14,0.71,0.57,0.71,Matches
65,Ismaël Bennacer,dz ALG,MF,it Milan,24,1997,10,9,585,6.5,1,0,1,1,0,0,1,0,0.15,0,0.15,0.15,0.15,Matches
66,Rodrigo Bentancur,uy URU,MF,eng Tottenham Hotspur,25,1997,6,6,503,5.6,1,0,1,1,0,0,2,0,0.18,0,0.18,0.18,0.18,Matches
67,Karim Benzema,fr FRA,FW,es Real Madrid,34,1987,10,9,744,8.3,4,1,5,4,0,0,0,0,0.48,0.12,0.6,0.48,0.6,Matches
68,Steven Berghuis,nl NED,"MF,FW",nl Ajax,30,1991,6,6,462,5.1,2,2,4,2,0,0,1,0,0.39,0.39,0.78,0.39,0.78,Matches
69,Steven Bergwijn,nl NED,FW,nl Ajax,24,1997,6,6,519,5.8,2,0,2,1,1,1,1,0,0.35,0,0.35,0.17,0.17,Matches
70,Alexandro Bernabei,ar ARG,"DF,MF",sct Celtic,21,2000,1,0,11,0.1,0,0,0,0,0,0,0,0,0,0,0,0,0,Matches
71,Bernardo,br BRA,DF,at RB Salzburg,27,1995,4,2,274,3,0,0,0,0,0,0,0,0,0,0,0,0,0,Matches
72,Juan Bernat,es ESP,"DF,MF",fr Paris Saint-Germain,29,1993,5,3,275,3.1,0,0,0,0,0,0,0,0,0,0,0,0,0,Matches
73,Victor Bernth Kristiansen,dk DEN,"DF,MF",dk FC Copenhagen,19,2002,6,5,483,5.4,0,0,0,0,0,0,0,0,0,0,0,0,0,Matches
74,Modou Biramé Ndiaye,sn SEN,MF,cz Viktoria Plzeň,25,1996,4,2,182,2,0,0,0,0,0,0,1,0,0,0,0,0,0,Matches
75,Yves Bissouma,ml MLI,MF,eng Tottenham Hotspur,25,1996,3,0,92,1,0,0,0,0,0,0,0,0,0,0,0,0,0,Matches
Rk,Player,Nation,Pos,Squad,Age,Born,MP,Starts,Min,90s,Gls,Ast,G+A,G-PK,PK,PKatt,CrdY,CrdR,Gls,Ast,G+A,G-PK,G+A-PK,Matches
76,Janis Blaswich,de GER,GK,de RB Leipzig,31,1991,6,5,528,5.9,0,0,0,0,0,0,0,0,0,0,0,0,0,Matches
77,Daley Blind,nl NED,DF,nl Ajax,32,1990,5,5,407,4.5,0,0,0,0,0,0,0,0,0,0,0,0,0,Matches
78,Petar Bočkaj,hr CRO,MF,hr Dinamo Zagreb,26,1996,3,0,39,0.4,0,0,0,0,0,0,0,0,0,0,0,0,0,Matches
79,Nicolai Boilesen,dk DEN,DF,dk FC Copenhagen,30,1992,2,1,100,1.1,0,0,0,0,0,0,0,0,0,0,0,0,0,Matches
80,Valerii Bondar,ua UKR,DF,ua Shakhtar Donetsk,23,1999,6,6,540,6,0,0,0,0,0,0,2,0,0,0,0,0,0,Matches
81,Artem Bondarenko,ua UKR,MF,ua Shakhtar Donetsk,21,2000,6,6,484,5.4,0,0,0,0,0,0,1,0,0,0,0,0,0,Matches
82,Leonardo Bonucci,it ITA,DF,it Juventus,35,1987,6,5,444,4.9,1,0,1,1,0,0,0,0,0.2,0,0.2,0.2,0.2,Matches
83,Gonçalo Borges,pt POR,MF,pt Porto,21,2001,4,0,39,0.4,0,0,0,0,0,0,1,0,0,0,0,0,0,Matches
84,Rafael Borré,co COL,FW,de Eintracht Frankfurt,26,1995,8,1,228,2.5,0,0,0,0,0,0,0,0,0,0,0,0,0,Matches
85,Yassine Bounou,ma MAR,GK,es Sevilla,31,1991,4,4,360,4,0,0,0,0,0,0,1,0,0,0,0,0,0,Matches
86,Dedryck Boyata,be BEL,DF,be Club Brugge,31,1990,3,1,136,1.5,0,0,0,0,0,0,1,0,0,0,0,0,0,Matches
87,Julian Brandt,de GER,"MF,FW",de Dortmund,26,1996,7,6,476,5.3,1,1,2,1,0,0,0,0,0.19,0.19,0.38,0.19,0.38,Matches
88,Gleison Bremer,br BRA,DF,it Juventus,25,1997,3,3,270,3,0,0,0,0,0,0,1,0,0,0,0,0,0,Matches
89,Brian Brobbey,nl NED,FW,nl Ajax,20,2002,5,1,116,1.3,0,0,0,0,0,0,0,0,0,0,0,0,0,Matches
90,Armando Broja,al ALB,FW,eng Chelsea,20,2001,5,0,116,1.3,0,0,0,0,0,0,0,0,0,0,0,0,0,Matches
91,Marcelo Brozović,hr CRO,MF,it Inter,29,1992,9,5,549,6.1,0,0,0,0,0,0,1,0,0,0,0,0,0,Matches
92,Pavel Bucha,cz CZE,MF,cz Viktoria Plzeň,24,1998,5,4,364,4,0,0,0,0,0,0,0,1,0,0,0,0,0,Matches
93,Tajon Buchanan,ca CAN,"MF,FW",be Club Brugge,23,1999,6,6,520,5.8,0,2,2,0,0,0,2,0,0,0.35,0.35,0,0.35,Matches
94,Marko Bulat,hr CRO,"DF,MF",hr Dinamo Zagreb,20,2001,3,0,29,0.3,0,0,0,0,0,0,0,0,0,0,0,0,0,Matches
95,Sergio Busquets,es ESP,MF,es Barcelona,34,1988,4,4,289,3.2,0,0,0,0,0,0,3,0,0,0,0,0,0,Matches
96,Aurélio Buta,pt POR,"MF,DF",de Eintracht Frankfurt,25,1997,2,2,158,1.8,0,0,0,0,0,0,0,0,0,0,0,0,0,Matches
97,Jovane Cabral,cv CPV,"FW,MF",pt Sporting CP,24,1998,1,0,13,0.1,0,0,0,0,0,0,0,0,0,0,0,0,0,Matches
98,Davide Calabria,it ITA,DF,it Milan,25,1996,6,6,497,5.5,0,0,0,0,0,0,2,0,0,0,0,0,0,Matches
99,Hakan Çalhanoğlu,tr TUR,MF,it Inter,28,1994,12,9,804,8.9,1,2,3,1,0,0,1,0,0.11,0.22,0.34,0.11,0.34,Matches
100,Eduardo Camavinga,fr FRA,"MF,DF",es Real Madrid,19,2002,11,8,721,8,0,1,1,0,0,0,3,0,0,0.12,0.12,0,0.12,Matches
Rk,Player,Nation,Pos,Squad,Age,Born,MP,Starts,Min,90s,Gls,Ast,G+A,G-PK,PK,PKatt,CrdY,CrdR,Gls,Ast,G+A,G-PK,G+A-PK,Matches
101,Emre Can,de GER,MF,de Dortmund,28,1994,7,6,565,6.3,0,0,0,0,0,0,2,0,0,0,0,0,0,Matches
102,João Cancelo,pt POR,DF,eng Manchester City,28,1994,6,5,376,4.2,0,4,4,0,0,0,1,0,0,0.96,0.96,0,0.96,Matches
103,João Cancelo,pt POR,"MF,DF",de Bayern Munich,28,1994,4,2,123,1.4,0,1,1,0,0,0,1,0,0,0.73,0.73,0,0.73,Matches
104,Nicolás Capaldo,ar ARG,MF,at RB Salzburg,23,1998,3,3,270,3,0,0,0,0,0,0,2,0,0,0,0,0,0,Matches
105,Valentin Carboni,ar ARG,MF,it Inter,17,2005,1,0,15,0.2,0,0,0,0,0,0,1,0,0,0,0,0,0,Matches
106,Fábio Cardoso,pt POR,DF,pt Porto,28,1994,4,4,360,4,0,0,0,0,0,0,1,0,0,0,0,0,0,Matches
107,David Carmo,ao ANG,DF,pt Porto,23,1999,5,5,450,5,0,0,0,0,0,0,3,0,0,0,0,0,0,Matches
108,Carmona,es ESP,DF,es Sevilla,20,2002,5,5,450,5,0,0,0,0,0,0,2,0,0,0,0,0,0,Matches
109,Yannick Carrasco,be BEL,"MF,DF",es Atlético Madrid,28,1993,6,3,274,3,1,1,2,1,0,1,0,0,0.33,0.33,0.66,0.33,0.66,Matches
110,Cameron Carter-Vickers,us USA,DF,sct Celtic,24,1997,4,4,360,4,0,0,0,0,0,0,0,0,0,0,0,0,0,Matches
111,Dani Carvajal,es ESP,DF,es Real Madrid,30,1992,11,10,869,9.7,0,2,2,0,0,0,3,0,0,0.21,0.21,0,0.21,Matches
112,Fabio Carvalho,pt POR,FW,eng Liverpool,19,2002,4,1,115,1.3,0,0,0,0,0,0,0,0,0,0,0,0,0,Matches
113,Marc Casado,es ESP,MF,es Barcelona,18,2003,1,0,24,0.3,0,0,0,0,0,0,0,0,0,0,0,0,0,Matches
114,Dani Ceballos,es ESP,MF,es Real Madrid,25,1996,7,0,86,1,0,0,0,0,0,0,0,0,0,0,0,0,0,Matches
115,Aleš Čermák,cz CZE,MF,cz Viktoria Plzeň,27,1994,3,0,32,0.4,0,0,0,0,0,0,0,0,0,0,0,0,0,Matches
116,El Chadaille Bitshiabu,fr FRA,DF,fr Paris Saint-Germain,17,2005,1,0,45,0.5,0,0,0,0,0,0,0,0,0,0,0,0,0,Matches
117,Trevoh Chalobah,eng ENG,DF,eng Chelsea,23,1999,6,4,439,4.9,0,0,0,0,0,0,0,0,0,0,0,0,0,Matches
118,Timothy Chandler,us USA,"DF,MF",de Eintracht Frankfurt,32,1990,1,0,12,0.1,0,0,0,0,0,0,0,0,0,0,0,0,0,Matches
119,Tjaronn Chery,sr SUR,"MF,FW",il Maccabi Haifa,34,1988,6,6,540,6,2,1,3,1,1,1,1,0,0.33,0.17,0.5,0.17,0.33,Matches
120,Federico Chiesa,it ITA,"FW,MF",it Juventus,24,1997,1,0,17,0.2,0,0,0,0,0,0,0,0,0,0,0,0,0,Matches
121,Ben Chilwell,eng ENG,"MF,DF",eng Chelsea,25,1996,7,7,556,6.2,0,0,0,0,0,0,1,1,0,0,0,0,0,Matches
122,Chiquinho,pt POR,MF,pt Benfica,27,1995,9,4,404,4.5,0,1,1,0,0,0,0,0,0,0.22,0.22,0,0.22,Matches
123,Tomáš Chorý,cz CZE,FW,cz Viktoria Plzeň,27,1995,6,5,361,4,2,0,2,1,1,1,2,0,0.5,0,0.5,0.25,0.25,Matches
124,Andreas Christensen,dk DEN,DF,es Barcelona,26,1996,3,3,216,2.4,0,0,0,0,0,0,0,0,0,0,0,0,0,Matches
125,Viktor Claesson,se SWE,"MF,FW",dk FC Copenhagen,30,1992,6,6,482,5.4,0,1,1,0,0,0,2,0,0,0.19,0.19,0,0.19,Matches
Rk,Player,Nation,Pos,Squad,Age,Born,MP,Starts,Min,90s,Gls,Ast,G+A,G-PK,PK,PKatt,CrdY,CrdR,Gls,Ast,G+A,G-PK,G+A-PK,Matches
126,Jonathan Clauss,fr FRA,MF,fr Marseille,29,1992,6,6,410,4.6,0,1,1,0,0,0,1,0,0,0.22,0.22,0,0.22,Matches
127,William Clem,dk DEN,MF,dk FC Copenhagen,18,2004,2,2,170,1.9,0,0,0,0,0,0,0,0,0,0,0,0,0,Matches
128,Sebastián Coates,uy URU,DF,pt Sporting CP,31,1990,5,5,394,4.4,0,0,0,0,0,0,1,0,0,0,0,0,0,Matches
129,Josh Cohen,us USA,GK,il Maccabi Haifa,29,1992,6,6,540,6,0,0,0,0,0,0,0,0,0,0,0,0,0,Matches
130,Antonio Čolak,hr CRO,FW,sct Rangers,28,1993,6,3,284,3.2,0,0,0,0,0,0,0,0,0,0,0,0,0,Matches
131,Kingsley Coman,fr FRA,MF,de Bayern Munich,26,1996,7,7,533,5.9,1,1,2,1,0,0,0,0,0.17,0.17,0.34,0.17,0.34,Matches
132,Francisco Conceição,pt POR,MF,nl Ajax,19,2002,3,0,17,0.2,1,0,1,1,0,0,1,0,5.29,0,5.29,5.29,5.29,Matches
133,Rodrigo Conceição,pt POR,"DF,MF",pt Porto,22,2000,2,0,5,0.1,0,0,0,0,0,0,0,0,0,0,0,0,0,Matches
134,Andreas Cornelius,dk DEN,FW,dk FC Copenhagen,29,1993,2,1,109,1.2,0,0,0,0,0,0,0,0,0,0,0,0,0,Matches
135,Pierre Cornud,fr FRA,"DF,MF",il Maccabi Haifa,25,1996,5,5,371,4.1,0,1,1,0,0,0,1,0,0,0.24,0.24,0,0.24,Matches
136,Ángel Correa,ar ARG,"FW,MF",es Atlético Madrid,27,1995,6,3,315,3.5,0,0,0,0,0,0,0,0,0,0,0,0,0,Matches
137,Joaquín Correa,ar ARG,FW,it Inter,27,1994,9,3,304,3.4,1,2,3,1,0,0,0,0,0.3,0.59,0.89,0.3,0.89,Matches
138,Bruno Xavier Almeida Costa,pt POR,MF,pt Porto,25,1997,3,1,73,0.8,0,0,0,0,0,0,0,0,0,0,0,0,0,Matches
139,Diogo Costa,pt POR,GK,pt Porto,22,1999,8,8,720,8,0,1,1,0,0,0,0,0,0,0.12,0.12,0,0.12,Matches
140,Soumaïla Coulibaly,fr FRA,DF,de Dortmund,18,2003,1,0,19,0.2,0,0,0,0,0,0,0,0,0,0,0,0,0,Matches
141,Thibaut Courtois,be BEL,GK,es Real Madrid,30,1992,10,10,900,10,0,0,0,0,0,0,0,0,0,0,0,0,0,Matches
142,Juan Cuadrado,co COL,"MF,DF",it Juventus,34,1988,6,6,431,4.8,0,1,1,0,0,0,0,0,0,0.21,0.21,0,0.21,Matches
143,Marc Cucurella,es ESP,"DF,MF",eng Chelsea,24,1998,8,4,414,4.6,0,0,0,0,0,0,2,0,0,0,0,0,0,Matches
144,Matheus Cunha,br BRA,"FW,MF",es Atlético Madrid,23,1999,5,0,122,1.4,0,0,0,0,0,0,0,0,0,0,0,0,0,Matches
145,Danilo D'Ambrosio,it ITA,DF,it Inter,33,1988,6,1,161,1.8,0,0,0,0,0,0,0,0,0,0,0,0,0,Matches
146,Danilo,br BRA,DF,it Juventus,31,1991,5,5,427,4.7,0,0,0,0,0,0,3,0,0,0,0,0,0,Matches
147,Arnaut Danjuma,nl NED,"FW,MF",eng Tottenham Hotspur,25,1997,1,0,10,0.1,0,0,0,0,0,0,0,0,0,0,0,0,0,Matches
148,Mohamed Daramy,dk DEN,"FW,MF",dk FC Copenhagen,20,2002,6,6,443,4.9,0,0,0,0,0,0,1,0,0,0,0,0,0,Matches
149,Matteo Darmian,it ITA,"DF,MF",it Inter,32,1989,11,9,821,9.1,0,0,0,0,0,0,1,0,0,0,0,0,0,Matches
150,Dean David,il ISR,FW,il Maccabi Haifa,26,1996,6,3,237,2.6,1,0,1,1,0,0,0,0,0.38,0,0.38,0.38,0.38,Matches
Rk,Player,Nation,Pos,Squad,Age,Born,MP,Starts,Min,90s,Gls,Ast,G+A,G-PK,PK,PKatt,CrdY,CrdR,Gls,Ast,G+A,G-PK,G+A-PK,Matches
151,Alphonso Davies,ca CAN,DF,de Bayern Munich,21,2000,9,6,602,6.7,0,2,2,0,0,0,1,0,0,0.3,0.3,0,0.3,Matches
152,Ben Davies,wls WAL,DF,eng Tottenham Hotspur,29,1993,7,4,392,4.4,0,0,0,0,0,0,0,0,0,0,0,0,0,Matches
153,Ben Davies,eng ENG,DF,sct Rangers,26,1995,3,3,260,2.9,0,0,0,0,0,0,1,0,0,0,0,0,0,Matches
154,Steven Davis,nir NIR,MF,sct Rangers,37,1985,5,3,249,2.8,0,0,0,0,0,0,0,0,0,0,0,0,0,Matches
155,Kevin De Bruyne,be BEL,MF,eng Manchester City,31,1991,10,9,716,8,2,6,8,2,0,0,1,0,0.25,0.75,1.01,0.25,1.01,Matches
156,Charles De Ketelaere,be BEL,MF,it Milan,21,2001,6,3,234,2.6,0,0,0,0,0,0,1,0,0,0,0,0,0,Matches
157,Rodrigo De Paul,ar ARG,MF,es Atlético Madrid,28,1994,5,1,256,2.8,1,0,1,1,0,0,1,0,0.35,0,0.35,0.35,0.35,Matches
158,Mattia De Sciglio,it ITA,DF,it Juventus,29,1992,3,1,95,1.1,0,0,0,0,0,0,0,0,0,0,0,0,0,Matches
159,Amar Dedić,ba BIH,DF,at RB Salzburg,19,2002,6,6,540,6,0,0,0,0,0,0,0,0,0,0,0,0,0,Matches
160,Thomas Delaney,dk DEN,MF,es Sevilla,30,1991,4,3,230,2.6,0,0,0,0,0,0,0,0,0,0,0,0,0,Matches
161,Ousmane Dembélé,fr FRA,FW,es Barcelona,25,1997,6,5,413,4.6,1,2,3,1,0,0,1,0,0.22,0.44,0.65,0.22,0.65,Matches
162,Kerem Demirbay,de GER,MF,de Leverkusen,29,1993,5,2,268,3,0,0,0,0,0,1,1,0,0,0,0,0,0,Matches
163,Sergiño Dest,us USA,DF,it Milan,21,2000,4,1,191,2.1,0,0,0,0,0,0,0,0,0,0,0,0,0,Matches
164,Giovanni Di Lorenzo,it ITA,DF,it Napoli,28,1993,10,10,888,9.9,2,2,4,2,0,0,2,0,0.2,0.2,0.41,0.2,0.41,Matches
165,Ángel Di María,ar ARG,FW,it Juventus,34,1988,3,2,146,1.6,0,3,3,0,0,0,0,0,0,1.85,1.85,0,1.85,Matches
166,Moussa Diaby,fr FRA,"MF,FW",de Leverkusen,23,1999,6,6,505,5.6,2,0,2,2,0,0,0,0,0.36,0,0.36,0.36,0.36,Matches
167,Abdou Diallo,sn SEN,DF,de RB Leipzig,26,1996,5,2,227,2.5,0,0,0,0,0,0,0,0,0,0,0,0,0,Matches
168,Rúben Dias,pt POR,"DF,MF",eng Manchester City,25,1997,12,11,"1,049",11.7,1,0,1,1,0,0,2,0,0.09,0,0.09,0.09,0.09,Matches
169,Brahim Díaz,ma MAR,"FW,MF",it Milan,22,1999,10,8,602,6.7,1,0,1,1,0,0,1,0,0.15,0,0.15,0.15,0.15,Matches
170,Luis Díaz,co COL,"FW,MF",eng Liverpool,25,1997,3,3,269,3,1,0,1,1,0,0,0,0,0.33,0,0.33,0.33,0.33,Matches
171,Eric Dier,eng ENG,DF,eng Tottenham Hotspur,28,1994,7,7,617,6.9,0,0,0,0,0,0,3,0,0,0,0,0,0,Matches
172,Kevin Diks,id IDN,DF,dk FC Copenhagen,25,1996,6,4,335,3.7,0,0,0,0,0,0,0,0,0,0,0,0,0,Matches
173,Federico Dimarco,it ITA,MF,it Inter,24,1997,11,10,728,8.1,0,5,5,0,0,0,2,0,0,0.62,0.62,0,0.62,Matches
174,Junior Dina Ebimbe,cm CMR,MF,de Eintracht Frankfurt,21,2000,6,3,239,2.7,0,0,0,0,0,0,1,0,0,0,0,0,0,Matches
175,Marko Dmitrović,rs SRB,GK,es Sevilla,30,1992,2,2,180,2,0,0,0,0,0,0,0,0,0,0,0,0,0,Matches
Rk,Player,Nation,Pos,Squad,Age,Born,MP,Starts,Min,90s,Gls,Ast,G+A,G-PK,PK,PKatt,CrdY,CrdR,Gls,Ast,G+A,G-PK,G+A-PK,Matches
176,Matt Doherty,ie IRL,MF,eng Tottenham Hotspur,30,1992,2,1,76,0.8,0,0,0,0,0,0,0,0,0,0,0,0,0,Matches
177,Kasper Dolberg,dk DEN,FW,es Sevilla,24,1997,4,1,110,1.2,0,0,0,0,0,0,0,0,0,0,0,0,0,Matches
178,Gianluigi Donnarumma,it ITA,GK,fr Paris Saint-Germain,23,1999,8,8,720,8,0,0,0,0,0,0,0,0,0,0,0,0,0,Matches
179,Julian Draxler,de GER,"FW,MF",pt Benfica,28,1993,3,0,32,0.4,0,0,0,0,0,0,0,0,0,0,0,0,0,Matches
180,Josip Drmić,ch SUI,FW,hr Dinamo Zagreb,29,1992,6,0,95,1.1,0,0,0,0,0,0,0,0,0,0,0,0,0,Matches
181,Denzel Dumfries,nl NED,MF,it Inter,26,1996,12,10,885,9.8,1,0,1,1,0,0,0,0,0.1,0,0.1,0.1,0.1,Matches
182,Edin Džeko,ba BIH,FW,it Inter,36,1986,13,11,824,9.2,4,1,5,4,0,0,2,0,0.44,0.11,0.55,0.44,0.55,Matches
183,Ederson,br BRA,GK,eng Manchester City,28,1993,11,11,990,11,0,0,0,0,0,0,2,0,0,0,0,0,0,Matches
184,Jorge Eduardo Sánchez,mx MEX,DF,nl Ajax,24,1997,5,3,269,3,0,0,0,0,0,0,1,0,0,0,0,0,0,Matches
185,Marcus Edwards,eng ENG,FW,pt Sporting CP,23,1998,6,6,352,3.9,2,1,3,2,0,0,0,0,0.51,0.26,0.77,0.51,0.77,Matches
186,Hugo Ekitike,fr FRA,FW,fr Paris Saint-Germain,20,2002,4,0,62,0.7,0,0,0,0,0,0,0,0,0,0,0,0,0,Matches
187,Harvey Elliott,eng ENG,MF,eng Liverpool,19,2003,8,4,395,4.4,2,0,2,2,0,0,1,0,0.46,0,0.46,0.46,0.46,Matches
188,Elif Elmas,mk MKD,"MF,FW",it Napoli,22,1999,10,2,285,3.2,0,0,0,0,0,0,1,0,0,0,0,0,0,Matches
189,Emerson,br BRA,MF,eng Tottenham Hotspur,23,1999,8,6,543,6,0,0,0,0,0,0,1,0,0,0,0,0,0,Matches
190,Mahir Emreli,az AZE,"FW,MF",hr Dinamo Zagreb,25,1997,1,0,21,0.2,0,0,0,0,0,0,0,0,0,0,0,0,0,Matches
191,Youssef En-Nesyri,ma MAR,FW,es Sevilla,25,1997,4,3,245,2.7,2,0,2,2,0,0,0,0,0.73,0,0.73,0.73,0.73,Matches
192,Ricardo Esgaio,pt POR,MF,pt Sporting CP,29,1993,3,2,109,1.2,0,0,0,0,0,0,3,1,0,0,0,0,0,Matches
193,Dario Essugo,pt POR,MF,pt Sporting CP,17,2005,1,0,28,0.3,0,0,0,0,0,0,0,0,0,0,0,0,0,Matches
194,Stephen Eustáquio,ca CAN,MF,pt Porto,25,1996,7,7,594,6.6,2,0,2,2,0,0,1,0,0.3,0,0.3,0.3,0.3,Matches
195,Evanilson,br BRA,FW,pt Porto,22,1999,8,6,513,5.7,1,1,2,1,0,0,0,0,0.18,0.18,0.35,0.18,0.35,Matches
196,Fabinho,br BRA,MF,eng Liverpool,28,1993,8,7,632,7,0,0,0,0,0,0,0,0,0,0,0,0,0,Matches
197,Nicolò Fagioli,it ITA,MF,it Juventus,21,2001,2,1,108,1.2,0,0,0,0,0,0,1,0,0,0,0,0,0,Matches
198,Rasmus Falk,dk DEN,MF,dk FC Copenhagen,30,1992,3,2,189,2.1,0,0,0,0,0,0,0,0,0,0,0,0,0,Matches
199,Abdul Fatawu Issahaku,gh GHA,"FW,MF",pt Sporting CP,18,2004,2,0,89,1,0,0,0,0,0,0,0,0,0,0,0,0,0,Matches
200,Ansu Fati,es ESP,FW,es Barcelona,19,2002,6,2,244,2.7,0,1,1,0,0,0,0,0,0,0.37,0.37,0,0.37,Matches
Rk,Player,Nation,Pos,Squad,Age,Born,MP,Starts,Min,90s,Gls,Ast,G+A,G-PK,PK,PKatt,CrdY,CrdR,Gls,Ast,G+A,G-PK,G+A-PK,Matches
201,Felipe,br BRA,DF,es Atlético Madrid,33,1989,1,1,90,1,0,0,0,0,0,0,0,0,0,0,0,0,0,Matches
202,João Félix,pt POR,"FW,MF",eng Chelsea,22,1999,4,3,244,2.7,0,0,0,0,0,0,0,0,0,0,0,0,0,Matches
203,João Félix,pt POR,FW,es Atlético Madrid,22,1999,5,3,217,2.4,0,0,0,0,0,0,0,0,0,0,0,0,0,Matches
204,Mateus Fernandes,pt POR,MF,pt Sporting CP,18,2004,1,0,30,0.3,0,0,0,0,0,0,0,0,0,0,0,0,0,Matches
205,Enzo Fernández,ar ARG,MF,pt Benfica,21,2001,5,5,427,4.7,0,1,1,0,0,0,3,0,0,0.21,0.21,0,0.21,Matches
206,Enzo Fernández,ar ARG,MF,eng Chelsea,21,2001,4,4,332,3.7,0,0,0,0,0,0,1,0,0,0,0,0,0,Matches
207,Fernando,br BRA,FW,at RB Salzburg,23,1999,1,1,64,0.7,0,1,1,0,0,0,0,0,0,1.41,1.41,0,1.41,Matches
208,Fernando,br BRA,MF,es Sevilla,35,1987,1,1,90,1,0,0,0,0,0,0,0,0,0,0,0,0,0,Matches
209,Roberto Firmino,br BRA,FW,eng Liverpool,30,1991,8,4,417,4.6,2,1,3,2,0,0,0,0,0.43,0.22,0.65,0.43,0.65,Matches
210,Phil Foden,eng ENG,MF,eng Manchester City,22,2000,8,3,384,4.3,1,2,3,1,0,0,1,0,0.23,0.47,0.7,0.23,0.7,Matches
211,Wesley Fofana,fr FRA,DF,eng Chelsea,21,2000,5,5,397,4.4,1,0,1,1,0,0,1,0,0.23,0,0.23,0.23,0.23,Matches
212,Bernardo Folha,pt POR,MF,pt Porto,20,2002,2,0,8,0.1,0,0,0,0,0,0,0,0,0,0,0,0,0,Matches
213,James Forrest,sct SCO,"FW,MF",sct Celtic,31,1991,3,0,90,1,0,0,0,0,0,0,0,0,0,0,0,0,0,Matches
214,Emil Forsberg,se SWE,MF,de RB Leipzig,30,1991,8,4,402,4.5,1,0,1,1,0,0,0,0,0.22,0,0.22,0.22,0.22,Matches
215,Fraser Forster,eng ENG,GK,eng Tottenham Hotspur,34,1988,2,2,180,2,0,0,0,0,0,0,0,0,0,0,0,0,0,Matches
216,Timothy Fosu-Mensah,nl NED,DF,de Leverkusen,24,1998,3,0,10,0.1,0,0,0,0,0,0,0,0,0,0,0,0,0,Matches
217,Lassina Franck Traoré,bf BFA,FW,ua Shakhtar Donetsk,21,2001,6,3,244,2.7,1,0,1,1,0,0,0,0,0.37,0,0.37,0.37,0.37,Matches
218,André Franco,pt POR,MF,pt Porto,24,1998,1,0,21,0.2,0,0,0,0,0,0,0,0,0,0,0,0,0,Matches
219,Jeremie Frimpong,nl NED,"MF,DF",de Leverkusen,21,2000,5,4,374,4.2,0,2,2,0,0,0,2,1,0,0.48,0.48,0,0.48,Matches
220,Kyogo Furuhashi,jp JPN,FW,sct Celtic,27,1995,6,5,359,4,0,1,1,0,0,0,1,0,0,0.25,0.25,0,0.25,Matches
221,Matteo Gabbia,it ITA,DF,it Milan,22,1999,4,2,211,2.3,1,0,1,1,0,0,1,0,0.43,0,0.43,0.43,0.43,Matches
222,Gianluca Gaetano,it ITA,MF,it Napoli,22,2000,3,0,31,0.3,0,0,0,0,0,0,0,0,0,0,0,0,0,Matches
223,Roberto Gagliardini,it ITA,MF,it Inter,28,1994,6,1,116,1.3,0,0,0,0,0,0,1,0,0,0,0,0,0,Matches
224,Cody Gakpo,nl NED,FW,eng Liverpool,23,1999,2,2,152,1.7,0,0,0,0,0,0,0,0,0,0,0,0,0,Matches
225,Galeno,br BRA,"MF,FW",pt Porto,24,1997,8,7,563,6.3,2,1,3,2,0,0,0,0,0.32,0.16,0.48,0.32,0.48,Matches
Rk,Player,Nation,Pos,Squad,Age,Born,MP,Starts,Min,90s,Gls,Ast,G+A,G-PK,PK,PKatt,CrdY,CrdR,Gls,Ast,G+A,G-PK,G+A-PK,Matches
226,Conor Gallagher,eng ENG,"MF,FW",eng Chelsea,22,2000,8,2,301,3.3,0,0,0,0,0,0,2,0,0,0,0,0,0,Matches
227,Eric García,es ESP,DF,es Barcelona,21,2001,4,2,225,2.5,0,0,0,0,0,0,0,0,0,0,0,0,0,Matches
228,Federico Gatti,it ITA,DF,it Juventus,24,1998,2,2,180,2,0,0,0,0,0,0,1,0,0,0,0,0,0,Matches
229,Gavi,es ESP,MF,es Barcelona,17,2004,5,4,329,3.7,0,0,0,0,0,0,2,0,0,0,0,0,0,Matches
230,Gerson,br BRA,"MF,FW",fr Marseille,25,1997,3,2,121,1.3,0,0,0,0,0,0,0,0,0,0,0,0,0,Matches
231,Giorgos Giakoumakis,gr GRE,"MF,FW",sct Celtic,27,1994,6,2,246,2.7,1,0,1,1,0,0,0,0,0.37,0,0.37,0.37,0.37,Matches
232,Samuel Gigot,fr FRA,DF,fr Marseille,28,1993,5,2,249,2.8,0,0,0,0,0,0,0,0,0,0,0,0,0,Matches
233,Bryan Gil,es ESP,"FW,MF",eng Tottenham Hotspur,21,2001,4,0,40,0.4,0,0,0,0,0,0,0,0,0,0,0,0,0,Matches
234,Gilberto,br BRA,DF,pt Benfica,29,1993,5,2,201,2.2,0,0,0,0,0,0,1,0,0,0,0,0,0,Matches
235,Olivier Giroud,fr FRA,FW,it Milan,35,1986,12,12,932,10.4,5,2,7,3,2,3,1,0,0.48,0.19,0.68,0.29,0.48,Matches
236,Jamie Gittens,eng ENG,MF,de Dortmund,17,2004,2,0,39,0.4,0,0,0,0,0,0,0,0,0,0,0,0,0,Matches
237,Serge Gnabry,de GER,"FW,MF",de Bayern Munich,27,1995,8,3,343,3.8,2,3,5,2,0,0,0,0,0.52,0.79,1.31,0.52,1.31,Matches
238,Sean Goldberg,il ISR,DF,il Maccabi Haifa,27,1995,6,6,540,6,0,0,0,0,0,0,0,0,0,0,0,0,0,Matches
239,Connor Goldson,eng ENG,DF,sct Rangers,29,1992,4,4,314,3.5,0,0,0,0,0,0,0,0,0,0,0,0,0,Matches
240,Joe Gomez,eng ENG,DF,eng Liverpool,25,1997,5,4,298,3.3,0,1,1,0,0,0,1,0,0,0.3,0.3,0,0.3,Matches
241,Papu Gómez,ar ARG,"MF,FW",es Sevilla,34,1988,5,3,246,2.7,0,1,1,0,0,0,0,0,0,0.37,0.37,0,0.37,Matches
242,Sergio Gómez,es ESP,DF,eng Manchester City,21,2000,5,4,305,3.4,0,1,1,0,0,0,0,1,0,0.3,0.3,0,0.3,Matches
243,Diogo Gonçalves,pt POR,"FW,MF",pt Benfica,25,1997,4,0,40,0.4,0,0,0,0,0,0,0,0,0,0,0,0,0,Matches
244,Pedro Gonçalves,pt POR,"FW,MF",pt Sporting CP,24,1998,5,5,363,4,0,2,2,0,0,0,2,1,0,0.5,0.5,0,0.5,Matches
245,Leon Goretzka,de GER,MF,de Bayern Munich,27,1995,9,7,606,6.7,2,4,6,2,0,0,1,0,0.3,0.59,0.89,0.3,0.89,Matches
246,Robin Gosens,de GER,MF,it Inter,28,1994,11,3,426,4.7,1,0,1,1,0,0,1,0,0.21,0,0.21,0.21,0.21,Matches
247,Mario Götze,de GER,"MF,FW",de Eintracht Frankfurt,30,1992,7,6,522,5.8,0,2,2,0,0,0,2,0,0,0.34,0.34,0,0.34,Matches
248,Lucas Gourna-Douath,fr FRA,MF,at RB Salzburg,18,2003,6,3,315,3.5,0,0,0,0,0,0,2,0,0,0,0,0,0,Matches
249,Kamil Grabara,pl POL,GK,dk FC Copenhagen,23,1999,4,4,360,4,0,0,0,0,0,0,0,0,0,0,0,0,0,Matches
250,Ryan Gravenberch,nl NED,MF,de Bayern Munich,20,2002,6,2,254,2.8,0,0,0,0,0,0,0,0,0,0,0,0,0,Matches
Rk,Player,Nation,Pos,Squad,Age,Born,MP,Starts,Min,90s,Gls,Ast,G+A,G-PK,PK,PKatt,CrdY,CrdR,Gls,Ast,G+A,G-PK,G+A-PK,Matches
251,Ivo Grbić,hr CRO,GK,es Atlético Madrid,26,1996,1,1,90,1,0,0,0,0,0,0,0,0,0,0,0,0,0,Matches
252,Jack Grealish,eng ENG,"FW,MF",eng Manchester City,26,1995,13,12,933,10.4,0,1,1,0,0,0,1,0,0,0.1,0.1,0,0.1,Matches
253,Antoine Griezmann,fr FRA,FW,es Atlético Madrid,31,1991,6,4,406,4.5,1,1,2,1,0,1,0,0,0.22,0.22,0.44,0.22,0.44,Matches
254,Florian Grillitsch,at AUT,"DF,MF",nl Ajax,26,1995,5,0,59,0.7,0,0,0,0,0,0,0,0,0,0,0,0,0,Matches
255,Álex Grimaldo,es ESP,DF,pt Benfica,26,1995,10,10,900,10,2,4,6,2,0,0,0,0,0.2,0.4,0.6,0.2,0.6,Matches
256,Marko Grujić,rs SRB,MF,pt Porto,26,1996,4,3,278,3.1,0,0,0,0,0,0,1,0,0,0,0,0,0,Matches
257,Nemanja Gudelj,rs SRB,"DF,MF",es Sevilla,30,1991,6,5,496,5.5,0,0,0,0,0,0,2,0,0,0,0,0,0,Matches
258,Gonçalo Guedes,pt POR,"FW,MF",pt Benfica,25,1996,2,0,43,0.5,0,0,0,0,0,0,0,0,0,0,0,0,0,Matches
259,Mattéo Guendouzi,fr FRA,"MF,FW",fr Marseille,23,1999,6,5,418,4.6,2,0,2,1,1,1,1,0,0.43,0,0.43,0.22,0.22,Matches
260,Raphaël Guerreiro,pt POR,DF,de Dortmund,28,1993,6,5,479,5.3,2,0,2,2,0,0,0,0,0.38,0,0.38,0.38,0.38,Matches
261,Pape Gueye,sn SEN,MF,fr Marseille,23,1999,3,0,37,0.4,0,0,0,0,0,0,0,0,0,0,0,0,0,Matches
262,Péter Gulácsi,hu HUN,GK,de RB Leipzig,32,1990,3,3,192,2.1,0,0,0,0,0,0,0,0,0,0,0,0,0,Matches
263,İlkay Gündoğan,de GER,MF,eng Manchester City,31,1990,13,12,994,11,1,2,3,1,0,0,4,0,0.09,0.18,0.27,0.09,0.27,Matches
264,Joško Gvardiol,hr CRO,DF,de RB Leipzig,20,2002,6,6,540,6,2,0,2,2,0,0,0,0,0.33,0,0.33,0.33,0.33,Matches
265,Erling Haaland,no NOR,"FW,MF",eng Manchester City,22,2000,11,11,841,9.3,12,1,13,11,1,2,1,0,1.28,0.11,1.39,1.18,1.28,Matches
266,Amadou Haidara,ml MLI,MF,de RB Leipzig,24,1998,7,4,339,3.8,0,0,0,0,0,0,1,0,0,0,0,0,0,Matches
267,Achraf Hakimi,ma MAR,"MF,DF",fr Paris Saint-Germain,23,1998,8,7,580,6.4,0,2,2,0,0,0,1,0,0,0.31,0.31,0,0.31,Matches
268,Sead Haksabanović,me MNE,"MF,FW",sct Celtic,23,1999,6,3,229,2.5,0,0,0,0,0,0,0,0,0,0,0,0,0,Matches
269,Sébastien Haller,ci CIV,FW,de Dortmund,28,1994,2,2,143,1.6,0,0,0,0,0,0,0,0,0,0,0,0,0,Matches
270,Marcel Halstenberg,de GER,DF,de RB Leipzig,30,1991,4,2,167,1.9,0,1,1,0,0,0,0,0,0,0.54,0.54,0,0.54,Matches
271,Hákon Haraldsson,is ISL,FW,dk FC Copenhagen,19,2003,6,3,298,3.3,1,0,1,1,0,0,0,0,0.3,0,0.3,0.3,0.3,Matches
272,Amine Harit,ma MAR,"MF,FW",fr Marseille,25,1997,6,4,380,4.2,1,2,3,1,0,0,0,0,0.24,0.47,0.71,0.24,0.71,Matches
273,Joe Hart,eng ENG,GK,sct Celtic,35,1987,6,6,540,6,0,0,0,0,0,0,0,0,0,0,0,0,0,Matches
274,Makoto Hasebe,jp JPN,DF,de Eintracht Frankfurt,38,1984,4,3,257,2.9,0,0,0,0,0,0,2,0,0,0,0,0,0,Matches
275,Reo Hatate,jp JPN,MF,sct Celtic,24,1997,6,6,448,5,0,0,0,0,0,0,1,0,0,0,0,0,0,Matches
Rk,Player,Nation,Pos,Squad,Age,Born,MP,Starts,Min,90s,Gls,Ast,G+A,G-PK,PK,PKatt,CrdY,CrdR,Gls,Ast,G+A,G-PK,G+A-PK,Matches
276,Milan Havel,cz CZE,"DF,MF",cz Viktoria Plzeň,27,1994,6,5,424,4.7,0,0,0,0,0,0,0,0,0,0,0,0,0,Matches
277,Kai Havertz,de GER,"FW,MF",eng Chelsea,23,1999,10,7,619,6.9,2,0,2,1,1,2,0,0,0.29,0,0.29,0.15,0.15,Matches
278,Eden Hazard,be BEL,FW,es Real Madrid,31,1991,3,1,132,1.5,1,1,2,1,0,0,0,0,0.68,0.68,1.36,0.68,1.36,Matches
279,Thorgan Hazard,be BEL,"MF,DF",de Dortmund,29,1993,5,3,200,2.2,1,0,1,1,0,0,0,0,0.45,0,0.45,0.45,0.45,Matches
280,Dolev Haziza,il ISR,"FW,MF",il Maccabi Haifa,27,1995,3,2,211,2.3,0,1,1,0,0,0,1,0,0,0.43,0.43,0,0.43,Matches
281,Lukáš Hejda,cz CZE,DF,cz Viktoria Plzeň,32,1990,6,6,512,5.7,0,0,0,0,0,0,0,0,0,0,0,0,0,Matches
282,Jordan Henderson,eng ENG,MF,eng Liverpool,32,1990,4,4,277,3.1,0,1,1,0,0,0,0,0,0,0.32,0.32,0,0.32,Matches
283,Jack Hendry,sct SCO,DF,be Club Brugge,27,1995,1,1,90,1,0,0,0,0,0,0,0,0,0,0,0,0,0,Matches
284,Benjamin Henrichs,de GER,DF,de RB Leipzig,25,1997,7,1,202,2.2,0,0,0,0,0,0,2,0,0,0,0,0,0,Matches
285,Mario Hermoso,es ESP,DF,es Atlético Madrid,27,1995,3,2,158,1.8,1,0,1,1,0,0,1,0,0.57,0,0.57,0.57,0.57,Matches
286,Lucas Hernández,fr FRA,DF,de Bayern Munich,26,1996,2,2,173,1.9,1,0,1,1,0,0,0,0,0.52,0,0.52,0.52,0.52,Matches
287,Theo Hernández,fr FRA,DF,it Milan,24,1997,11,11,945,10.5,0,1,1,0,0,0,2,0,0,0.1,0.1,0,0.1,Matches
288,Son Heung-min,kr KOR,"MF,FW",eng Tottenham Hotspur,30,1992,8,8,618,6.9,2,0,2,2,0,0,1,0,0.29,0,0.29,0.29,0.29,Matches
289,Piero Hincapié,ec ECU,DF,de Leverkusen,20,2002,5,5,450,5,0,0,0,0,0,0,3,0,0,0,0,0,0,Matches
290,Adam Hložek,cz CZE,"MF,FW",de Leverkusen,20,2002,6,3,275,3.1,0,1,1,0,0,0,0,0,0,0.33,0.33,0,0.33,Matches
291,Libor Holík,cz CZE,DF,cz Viktoria Plzeň,24,1998,6,2,290,3.2,0,1,1,0,0,0,0,0,0,0.31,0.31,0,0.31,Matches
292,Lukáš Hrádecký,fi FIN,GK,de Leverkusen,32,1989,6,6,540,6,0,0,0,0,0,0,1,0,0,0,0,0,0,Matches
293,Callum Hudson-Odoi,eng ENG,"MF,FW",de Leverkusen,21,2000,6,6,461,5.1,1,0,1,1,0,0,0,0,0.2,0,0.2,0.2,0.2,Matches
294,Mats Hummels,de GER,DF,de Dortmund,33,1988,4,4,315,3.5,0,0,0,0,0,0,1,0,0,0,0,0,0,Matches
295,Pierre Højbjerg,dk DEN,MF,eng Tottenham Hotspur,26,1995,7,7,624,6.9,1,2,3,1,0,0,3,0,0.14,0.29,0.43,0.14,0.43,Matches
296,Samuel Iling-Junior,eng ENG,MF,it Juventus,18,2003,1,0,21,0.2,0,1,1,0,0,0,0,0,0,4.29,4.29,0,4.29,Matches
297,Gonçalo Inácio,pt POR,DF,pt Sporting CP,20,2001,6,6,540,6,0,0,0,0,0,0,1,0,0,0,0,0,0,Matches
298,Isco,es ESP,"FW,MF",es Sevilla,30,1992,6,5,399,4.4,1,1,2,1,0,0,0,0,0.23,0.23,0.45,0.23,0.45,Matches
299,Franco Israel,uy URU,GK,pt Sporting CP,22,2000,2,1,155,1.7,0,0,0,0,0,0,0,0,0,0,0,0,0,Matches
300,Luka Ivanušec,hr CRO,MF,hr Dinamo Zagreb,23,1998,6,6,524,5.8,0,0,0,0,0,0,2,0,0,0,0,0,0,Matches
Rk,Player,Nation,Pos,Squad,Age,Born,MP,Starts,Min,90s,Gls,Ast,G+A,G-PK,PK,PKatt,CrdY,CrdR,Gls,Ast,G+A,G-PK,G+A-PK,Matches
301,Ryan Jack,sct SCO,MF,sct Rangers,30,1992,4,2,191,2.1,0,1,1,0,0,0,1,0,0,0.47,0.47,0,0.47,Matches
302,Kristijan Jakić,hr CRO,"DF,MF",de Eintracht Frankfurt,25,1997,8,7,616,6.8,0,0,0,0,0,0,2,0,0,0,0,0,0,Matches
303,Reece James,eng ENG,"MF,DF",eng Chelsea,22,1999,8,8,691,7.7,1,1,2,1,0,0,3,0,0.13,0.13,0.26,0.13,0.26,Matches
304,Adnan Januzaj,be BEL,"FW,MF",es Sevilla,27,1995,3,0,52,0.6,0,0,0,0,0,0,0,0,0,0,0,0,0,Matches
305,Luis Javier Suárez,co COL,FW,fr Marseille,24,1997,4,1,114,1.3,0,0,0,0,0,0,1,0,0,0,0,0,0,Matches
306,Elias Jelert,dk DEN,"MF,DF",dk FC Copenhagen,19,2003,4,2,192,2.1,0,0,0,0,0,0,0,0,0,0,0,0,0,Matches
307,Václav Jemelka,cz CZE,DF,cz Viktoria Plzeň,27,1995,6,4,361,4,0,1,1,0,0,0,2,0,0,0.25,0.25,0,0.25,Matches
308,Moritz Jenz,de GER,DF,sct Celtic,23,1999,6,6,540,6,0,0,0,0,0,0,1,0,0,0,0,0,0,Matches
309,Juan Jesus,br BRA,DF,it Napoli,31,1991,3,2,205,2.3,0,0,0,0,0,0,2,0,0,0,0,0,0,Matches
310,Erik Jirka,sk SVK,MF,cz Viktoria Plzeň,24,1997,6,2,266,3,0,0,0,0,0,0,0,0,0,0,0,0,0,Matches
311,Ísak Jóhannesson,is ISL,"MF,FW",dk FC Copenhagen,19,2003,5,3,290,3.2,0,0,0,0,0,0,0,0,0,0,0,0,0,Matches
312,Curtis Jones,eng ENG,MF,eng Liverpool,21,2001,2,1,100,1.1,0,0,0,0,0,0,0,0,0,0,0,0,0,Matches
313,Frenkie de Jong,nl NED,MF,es Barcelona,25,1997,4,2,237,2.6,0,0,0,0,0,0,0,0,0,0,0,0,0,Matches
314,Joan Jordán,es ESP,MF,es Sevilla,28,1994,6,2,260,2.9,0,0,0,0,0,0,1,0,0,0,0,0,0,Matches
315,Jorginho,it ITA,MF,eng Chelsea,30,1991,6,4,418,4.6,1,0,1,0,1,1,0,0,0.22,0,0.22,0,0,Matches
316,Jota,pt POR,FW,sct Celtic,23,1999,4,3,285,3.2,2,0,2,2,0,0,0,0,0.63,0,0.63,0.63,0.63,Matches
317,Diogo Jota,pt POR,"MF,FW",eng Liverpool,25,1996,6,3,263,2.9,0,4,4,0,0,0,0,0,0,1.37,1.37,0,1.37,Matches
318,Vinicius Júnior,br BRA,FW,es Real Madrid,22,2000,12,11,972,10.8,7,6,13,7,0,0,1,0,0.65,0.56,1.2,0.65,1.2,Matches
319,Josip Juranović,hr CRO,DF,sct Celtic,26,1995,6,6,540,6,0,0,0,0,0,1,1,0,0,0,0,0,0,Matches
320,Ferran Jutglà,es ESP,FW,be Club Brugge,23,1999,8,6,511,5.7,2,2,4,1,1,1,0,0,0.35,0.35,0.7,0.18,0.53,Matches
321,Issa Kaboré,bf BFA,"DF,MF",fr Marseille,21,2001,4,0,113,1.3,0,0,0,0,0,0,0,0,0,0,0,0,0,Matches
322,Pierre Kalulu,fr FRA,DF,it Milan,22,2000,10,8,751,8.3,0,0,0,0,0,0,0,0,0,0,0,0,0,Matches
323,Lukáš Kalvach,cz CZE,MF,cz Viktoria Plzeň,27,1995,6,6,492,5.5,0,0,0,0,0,0,1,0,0,0,0,0,0,Matches
324,Daichi Kamada,jp JPN,"MF,FW",de Eintracht Frankfurt,25,1996,8,8,696,7.7,3,0,3,2,1,1,1,0,0.39,0,0.39,0.26,0.26,Matches
325,Glen Kamara,fi FIN,MF,sct Rangers,26,1995,4,1,127,1.4,0,0,0,0,0,0,0,0,0,0,0,0,0,Matches
Rk,Player,Nation,Pos,Squad,Age,Born,MP,Starts,Min,90s,Gls,Ast,G+A,G-PK,PK,PKatt,CrdY,CrdR,Gls,Ast,G+A,G-PK,G+A-PK,Matches
326,Dijon Kameri,at AUT,MF,at RB Salzburg,18,2004,4,1,121,1.3,0,0,0,0,0,0,0,0,0,0,0,0,0,Matches
327,Kevin Kampl,si SVN,MF,de RB Leipzig,31,1990,5,3,273,3,0,0,0,0,0,0,1,0,0,0,0,0,0,Matches
328,Harry Kane,eng ENG,FW,eng Tottenham Hotspur,29,1993,8,8,720,8,1,2,3,0,1,2,1,0,0.12,0.25,0.37,0,0.25,Matches
329,N'Golo Kanté,fr FRA,MF,eng Chelsea,31,1991,2,2,164,1.8,0,0,0,0,0,0,0,0,0,0,0,0,0,Matches
330,Mamoudou Karamoko,fr FRA,FW,dk FC Copenhagen,22,1999,1,1,45,0.5,0,0,0,0,0,0,0,0,0,0,0,0,0,Matches
331,Moise Kean,it ITA,FW,it Juventus,22,2000,5,1,111,1.2,1,0,1,1,0,0,0,0,0.81,0,0.81,0.81,0.81,Matches
332,Ryan Kent,eng ENG,"MF,FW",sct Rangers,25,1996,6,6,507,5.6,0,0,0,0,0,0,0,0,0,0,0,0,0,Matches
333,Franck Kessié,ci CIV,MF,es Barcelona,25,1996,6,3,274,3,1,0,1,1,0,0,0,0,0.33,0,0.33,0.33,0.33,Matches
334,Davit Khocholava,ge GEO,DF,dk FC Copenhagen,29,1993,5,5,428,4.8,0,0,0,0,0,0,1,1,0,0,0,0,0,Matches
335,Joshua Kimmich,de GER,MF,de Bayern Munich,27,1995,9,9,810,9,1,3,4,0,1,1,3,0,0.11,0.33,0.44,0,0.33,Matches
336,Presnel Kimpembe,fr FRA,DF,fr Paris Saint-Germain,26,1995,3,1,147,1.6,0,0,0,0,0,0,1,0,0,0,0,0,0,Matches
337,Leon King,sct SCO,DF,sct Rangers,18,2004,6,3,374,4.2,0,0,0,0,0,0,0,0,0,0,0,0,0,Matches
338,Simon Kjær,dk DEN,DF,it Milan,33,1989,6,6,508,5.6,0,0,0,0,0,0,0,0,0,0,0,0,0,Matches
339,Maurits Kjærgaard,dk DEN,MF,at RB Salzburg,19,2003,6,6,495,5.5,0,0,0,0,0,0,0,0,0,0,0,0,0,Matches
340,Davy Klaassen,nl NED,MF,nl Ajax,29,1993,5,2,212,2.4,1,0,1,1,0,0,0,0,0.42,0,0.42,0.42,0.42,Matches
341,Jan Kliment,cz CZE,FW,cz Viktoria Plzeň,28,1993,1,0,45,0.5,1,0,1,1,0,0,0,0,2,0,2,2,2,Matches
342,Lukas Klostermann,de GER,DF,de RB Leipzig,26,1996,2,1,56,0.6,0,0,0,0,0,0,0,0,0,0,0,0,0,Matches
343,Ansgar Knauff,de GER,"MF,FW",de Eintracht Frankfurt,20,2002,6,3,293,3.3,0,1,1,0,0,0,0,0,0,0.31,0.31,0,0.31,Matches
344,Gregor Kobel,ch SUI,GK,de Dortmund,24,1997,4,4,315,3.5,0,0,0,0,0,0,0,0,0,0,0,0,0,Matches
345,Philipp Köhn,ch SUI,GK,at RB Salzburg,24,1998,6,6,540,6,0,0,0,0,0,0,0,0,0,0,0,0,0,Matches
346,Sekou Koita,ml MLI,"FW,MF",at RB Salzburg,22,1999,2,0,20,0.2,0,0,0,0,0,0,0,0,0,0,0,0,0,Matches
347,Koke,es ESP,MF,es Atlético Madrid,30,1992,4,4,329,3.7,0,0,0,0,0,0,1,0,0,0,0,0,0,Matches
348,Sead Kolašinac,ba BIH,DF,fr Marseille,29,1993,4,1,151,1.7,0,0,0,0,0,0,0,0,0,0,0,0,0,Matches
349,Randal Kolo Muani,fr FRA,FW,de Eintracht Frankfurt,23,1998,7,7,515,5.7,2,0,2,2,0,0,1,1,0.35,0,0.35,0.35,0.35,Matches
350,Ibrahima Konaté,fr FRA,DF,eng Liverpool,23,1999,3,3,258,2.9,0,0,0,0,0,0,1,0,0,0,0,0,0,Matches
Rk,Player,Nation,Pos,Squad,Age,Born,MP,Starts,Min,90s,Gls,Ast,G+A,G-PK,PK,PKatt,CrdY,CrdR,Gls,Ast,G+A,G-PK,G+A-PK,Matches
351,Geoffrey Kondogbia,cf CTA,MF,es Atlético Madrid,29,1993,3,2,225,2.5,0,0,0,0,0,0,2,0,0,0,0,0,0,Matches
352,Yukhym Konoplia,ua UKR,DF,ua Shakhtar Donetsk,22,1999,5,5,418,4.6,0,0,0,0,0,0,2,0,0,0,0,0,0,Matches
353,Jan Kopic,cz CZE,"MF,FW",cz Viktoria Plzeň,32,1990,2,2,81,0.9,0,0,0,0,0,0,0,0,0,0,0,0,0,Matches
354,Odilon Kossounou,ci CIV,DF,de Leverkusen,21,2001,5,5,428,4.8,0,0,0,0,0,0,1,0,0,0,0,0,0,Matches
355,Filip Kostić,rs SRB,"MF,FW",it Juventus,29,1992,6,5,428,4.8,0,1,1,0,0,0,0,0,0,0.21,0.21,0,0.21,Matches
356,Kalidou Koulibaly,sn SEN,DF,eng Chelsea,31,1991,7,7,568,6.3,0,0,0,0,0,0,2,0,0,0,0,0,0,Matches
357,Jules Koundé,fr FRA,DF,es Barcelona,23,1998,3,3,246,2.7,0,1,1,0,0,0,0,0,0,0.37,0.37,0,0.37,Matches
358,Mateo Kovačić,hr CRO,MF,eng Chelsea,28,1994,8,8,621,6.9,1,0,1,1,0,0,2,0,0.14,0,0.14,0.14,0.14,Matches
359,Adam Kronus,,MF,cz Viktoria Plzeň,20,2002,1,0,3,0,0,0,0,0,0,0,0,0,0,0,0,0,0,Matches
360,Toni Kroos,de GER,MF,es Real Madrid,32,1990,12,10,842,9.4,0,2,2,0,0,0,2,0,0,0.21,0.21,0,0.21,Matches
361,Rade Krunić,ba BIH,MF,it Milan,28,1993,11,9,823,9.1,1,0,1,1,0,0,4,0,0.11,0,0.11,0.11,0.11,Matches
362,Dmytro Kryskiv,ua UKR,MF,ua Shakhtar Donetsk,21,2000,1,0,10,0.1,0,0,0,0,0,0,0,0,0,0,0,0,0,Matches
363,Serhiy Kryvtsov,ua UKR,DF,ua Shakhtar Donetsk,31,1991,2,0,6,0.1,0,0,0,0,0,0,0,0,0,0,0,0,0,Matches
364,Mohammed Kudus,gh GHA,FW,nl Ajax,21,2000,6,5,448,5,4,3,7,4,0,0,1,0,0.8,0.6,1.41,0.8,1.41,Matches
365,Dejan Kulusevski,se SWE,"MF,FW",eng Tottenham Hotspur,22,2000,4,2,200,2.2,0,0,0,0,0,0,0,0,0,0,0,0,0,Matches
366,Khvicha Kvaratskhelia,ge GEO,"FW,MF",it Napoli,21,2001,9,9,692,7.7,2,4,6,1,1,3,0,0,0.26,0.52,0.78,0.13,0.65,Matches
367,Konrad Laimer,at AUT,MF,de RB Leipzig,25,1997,3,3,261,2.9,0,0,0,0,0,0,0,0,0,0,0,0,0,Matches
368,Érik Lamela,ar ARG,FW,es Sevilla,30,1992,5,2,278,3.1,0,0,0,0,0,0,2,0,0,0,0,0,0,Matches
369,Noa Lang,nl NED,FW,be Club Brugge,23,1999,4,4,290,3.2,0,0,0,0,0,1,1,0,0,0,0,0,0,Matches
370,Aymeric Laporte,es ESP,DF,eng Manchester City,28,1994,4,3,292,3.2,0,0,0,0,0,0,1,0,0,0,0,0,0,Matches
371,Cyle Larin,ca CAN,"FW,MF",be Club Brugge,27,1995,1,0,12,0.1,0,0,0,0,0,0,0,0,0,0,0,0,0,Matches
372,Rasmus Lauritsen,dk DEN,DF,hr Dinamo Zagreb,26,1996,1,0,15,0.2,0,0,0,0,0,0,0,0,0,0,0,0,0,Matches
373,Neta Lavi,il ISR,MF,il Maccabi Haifa,25,1996,6,5,469,5.2,0,0,0,0,0,0,2,0,0,0,0,0,0,Matches
374,Rafael Leão,pt POR,"MF,FW",it Milan,23,1999,11,11,907,10.1,1,4,5,1,0,0,0,0,0.1,0.4,0.5,0.1,0.5,Matches
375,Thomas Lemar,fr FRA,MF,es Atlético Madrid,26,1995,2,1,104,1.2,0,0,0,0,0,0,0,0,0,0,0,0,0,Matches
Rk,Player,Nation,Pos,Squad,Age,Born,MP,Starts,Min,90s,Gls,Ast,G+A,G-PK,PK,PKatt,CrdY,CrdR,Gls,Ast,G+A,G-PK,G+A-PK,Matches
376,Clément Lenglet,fr FRA,DF,eng Tottenham Hotspur,27,1995,7,6,508,5.6,1,0,1,1,0,0,3,0,0.18,0,0.18,0.18,0.18,Matches
377,Christopher Lenz,de GER,"MF,DF",de Eintracht Frankfurt,27,1994,5,4,225,2.5,0,0,0,0,0,0,1,0,0,0,0,0,0,Matches
378,Lukas Lerager,dk DEN,MF,dk FC Copenhagen,29,1993,6,5,450,5,0,0,0,0,0,0,2,0,0,0,0,0,0,Matches
379,Robert Lewandowski,pl POL,FW,es Barcelona,33,1988,5,5,441,4.9,5,0,5,5,0,0,0,0,1.02,0,1.02,1.02,1.02,Matches
380,Rico Lewis,eng ENG,DF,eng Manchester City,17,2004,2,1,119,1.3,1,0,1,1,0,0,0,0,0.76,0,0.76,0.76,0.76,Matches
381,Matthijs de Ligt,nl NED,DF,de Bayern Munich,22,1999,7,7,614,6.8,0,0,0,0,0,0,1,0,0,0,0,0,0,Matches
382,Jesper Lindstrøm,dk DEN,"FW,MF",de Eintracht Frankfurt,22,2000,7,7,508,5.6,1,0,1,1,0,0,0,0,0.18,0,0.18,0.18,0.18,Matches
383,Dominik Livaković,hr CRO,GK,hr Dinamo Zagreb,27,1995,6,6,540,6,0,0,0,0,0,0,0,0,0,0,0,0,0,Matches
384,Robert Ljubicic,at AUT,"DF,MF",hr Dinamo Zagreb,23,1999,6,6,540,6,1,0,1,1,0,0,1,0,0.17,0,0.17,0.17,0.17,Matches
385,Marcos Llorente,es ESP,MF,es Atlético Madrid,27,1995,3,3,212,2.4,0,0,0,0,0,0,0,0,0,0,0,0,0,Matches
386,Hugo Lloris,fr FRA,GK,eng Tottenham Hotspur,35,1986,6,6,540,6,0,0,0,0,0,0,0,0,0,0,0,0,0,Matches
387,Danny Loader,cm CMR,"FW,MF",pt Porto,21,2000,3,0,52,0.6,0,0,0,0,0,0,0,0,0,0,0,0,0,Matches
388,Stanislav Lobotka,sk SVK,MF,it Napoli,27,1994,10,10,873,9.7,0,0,0,0,0,0,0,0,0,0,0,0,0,Matches
389,Manuel Locatelli,it ITA,MF,it Juventus,24,1998,5,2,222,2.5,0,0,0,0,0,0,1,0,0,0,0,0,0,Matches
390,Ruben Loftus-Cheek,eng ENG,MF,eng Chelsea,26,1996,7,2,285,3.2,0,1,1,0,0,0,0,0,0,0.32,0.32,0,0.32,Matches
391,Pau López,es ESP,GK,fr Marseille,27,1994,6,6,540,6,0,0,0,0,0,0,0,0,0,0,0,0,0,Matches
392,Alexander lowry,sct SCO,MF,sct Rangers,19,2003,1,0,8,0.1,0,0,0,0,0,0,0,0,0,0,0,0,0,Matches
393,Hirving Lozano,mx MEX,FW,it Napoli,27,1995,9,4,467,5.2,1,1,2,1,0,0,0,0,0.19,0.19,0.39,0.19,0.39,Matches
394,Florentino Luís,pt POR,MF,pt Benfica,22,1999,10,10,859,9.5,0,0,0,0,0,0,2,0,0,0,0,0,0,Matches
395,Romelu Lukaku,be BEL,FW,it Inter,29,1993,8,0,185,2.1,3,1,4,2,1,1,1,0,1.46,0.49,1.95,0.97,1.46,Matches
396,Valdemar Lund,dk DEN,DF,dk FC Copenhagen,19,2003,4,3,304,3.4,0,0,0,0,0,0,1,0,0,0,0,0,0,Matches
397,John Lundstram,eng ENG,MF,sct Rangers,28,1994,5,5,450,5,0,0,0,0,0,0,3,0,0,0,0,0,0,Matches
398,Andriy Lunin,ua UKR,GK,es Real Madrid,23,1999,2,2,180,2,0,0,0,0,0,0,0,0,0,0,0,0,0,Matches
399,Daizen Maeda,jp JPN,"MF,FW",sct Celtic,24,1997,6,3,330,3.7,0,0,0,0,0,0,1,0,0,0,0,0,0,Matches
400,Riyad Mahrez,dz ALG,"MF,FW",eng Manchester City,31,1991,9,6,506,5.6,3,2,5,2,1,3,0,0,0.53,0.36,0.89,0.36,0.71,Matches
Rk,Player,Nation,Pos,Squad,Age,Born,MP,Starts,Min,90s,Gls,Ast,G+A,G-PK,PK,PKatt,CrdY,CrdR,Gls,Ast,G+A,G-PK,G+A-PK,Matches
401,Mike Maignan,fr FRA,GK,it Milan,27,1995,7,7,630,7,0,0,0,0,0,0,1,0,0,0,0,0,0,Matches
402,Donyell Malen,nl NED,MF,de Dortmund,23,1999,6,2,248,2.8,0,0,0,0,0,0,1,0,0,0,0,0,0,Matches
403,Reinildo Mandava,mz MOZ,DF,es Atlético Madrid,28,1994,6,6,511,5.7,0,0,0,0,0,0,2,0,0,0,0,0,0,Matches
404,Sadio Mané,sn SEN,"MF,FW",de Bayern Munich,30,1992,9,6,552,6.1,3,1,4,3,0,0,0,0,0.49,0.16,0.65,0.49,0.65,Matches
405,Iván Marcano,es ESP,DF,pt Porto,35,1987,3,3,270,3,0,0,0,0,0,0,0,0,0,0,0,0,0,Matches
406,Marcão,br BRA,DF,es Sevilla,26,1996,3,3,223,2.5,0,0,0,0,0,0,0,0,0,0,0,0,0,Matches
407,José María Giménez,uy URU,DF,es Atlético Madrid,27,1995,5,5,401,4.5,0,0,0,0,0,0,1,0,0,0,0,0,0,Matches
408,Mariano,do DOM,FW,es Real Madrid,28,1993,1,0,6,0.1,0,0,0,0,0,0,0,0,0,0,0,0,0,Matches
409,Antonio Marin,hr CRO,FW,hr Dinamo Zagreb,21,2001,1,0,7,0.1,0,0,0,0,0,0,1,0,0,0,0,0,0,Matches
410,João Mário,pt POR,MF,pt Benfica,29,1993,10,10,861,9.6,6,2,8,1,5,5,2,0,0.63,0.21,0.84,0.1,0.31,Matches
411,João Mário Lopes,pt POR,DF,pt Porto,22,2000,5,4,270,3,0,0,0,0,0,0,3,0,0,0,0,0,0,Matches
412,Marquinhos,br BRA,DF,fr Paris Saint-Germain,28,1994,8,8,653,7.3,0,0,0,0,0,0,0,0,0,0,0,0,0,Matches
413,José Marsà,es ESP,DF,pt Sporting CP,20,2002,2,0,101,1.1,0,0,0,0,0,0,0,0,0,0,0,0,0,Matches
414,Lautaro Martínez,ar ARG,FW,it Inter,24,1997,13,12,997,11.1,3,3,6,3,0,0,3,0,0.27,0.27,0.54,0.27,0.54,Matches
415,Toni Martínez,es ESP,FW,pt Porto,25,1997,7,0,113,1.3,0,0,0,0,0,0,0,0,0,0,0,0,0,Matches
416,Clinton Mata,ao ANG,DF,be Club Brugge,29,1992,3,2,158,1.8,0,0,0,0,0,0,0,0,0,0,0,0,0,Matches
417,Pape Matar Sarr,sn SEN,MF,eng Tottenham Hotspur,19,2002,1,1,90,1,0,0,0,0,0,0,0,0,0,0,0,0,0,Matches
418,Joël Matip,cm CMR,DF,eng Liverpool,30,1991,4,2,243,2.7,1,0,1,1,0,0,1,0,0.37,0,0.37,0.37,0.37,Matches
419,Rabbi Matondo,wls WAL,MF,sct Rangers,21,2000,5,0,97,1.1,0,0,0,0,0,0,0,0,0,0,0,0,0,Matches
420,Mykola Matviyenko,ua UKR,DF,ua Shakhtar Donetsk,26,1996,6,6,540,6,0,0,0,0,0,0,1,0,0,0,0,0,0,Matches
421,Philipp Max,de GER,MF,de Eintracht Frankfurt,28,1993,2,1,113,1.3,0,0,0,0,0,0,0,0,0,0,0,0,0,Matches
422,Eric Maxim Choupo-Moting,cm CMR,FW,de Bayern Munich,33,1989,7,5,435,4.8,4,0,4,4,0,0,0,0,0.83,0,0.83,0.83,0.83,Matches
423,Noussair Mazraoui,ma MAR,DF,de Bayern Munich,24,1997,5,4,392,4.4,0,0,0,0,0,0,2,0,0,0,0,0,0,Matches
424,Kylian Mbappé,fr FRA,FW,fr Paris Saint-Germain,23,1998,8,7,651,7.2,7,3,10,6,1,1,0,0,0.97,0.41,1.38,0.83,1.24,Matches
425,Chancel Mbemba,cd COD,DF,fr Marseille,27,1994,5,5,406,4.5,2,1,3,2,0,0,0,1,0.44,0.22,0.67,0.44,0.67,Matches
Rk,Player,Nation,Pos,Squad,Age,Born,MP,Starts,Min,90s,Gls,Ast,G+A,G-PK,PK,PKatt,CrdY,CrdR,Gls,Ast,G+A,G-PK,G+A-PK,Matches
426,James McCarthy,ie IRL,MF,sct Celtic,31,1990,1,0,9,0.1,0,0,0,0,0,0,0,0,0,0,0,0,0,Matches
427,Allan McGregor,sct SCO,GK,sct Rangers,40,1982,5,5,450,5,0,0,0,0,0,0,0,0,0,0,0,0,0,Matches
428,Callum McGregor,sct SCO,MF,sct Celtic,29,1993,3,3,216,2.4,0,0,0,0,0,0,0,0,0,0,0,0,0,Matches
429,Weston McKennie,us USA,MF,it Juventus,23,1998,5,4,360,4,2,0,2,2,0,0,1,0,0.5,0,0.5,0.5,0.5,Matches
430,Jon McLaughlin,sct SCO,GK,sct Rangers,34,1987,1,1,90,1,0,0,0,0,0,0,0,0,0,0,0,0,0,Matches
431,Brandon Mechele,be BEL,DF,be Club Brugge,29,1993,8,8,720,8,0,0,0,0,0,0,0,0,0,0,0,0,0,Matches
432,Bjorn Meijer,nl NED,"DF,MF",be Club Brugge,19,2003,8,6,572,6.4,1,1,2,1,0,0,1,0,0.16,0.16,0.31,0.16,0.31,Matches
433,Raz Meir,il ISR,DF,il Maccabi Haifa,25,1996,2,1,83,0.9,0,0,0,0,0,0,0,0,0,0,0,0,0,Matches
434,Arthur Melo,br BRA,MF,eng Liverpool,25,1996,1,0,14,0.2,0,0,0,0,0,0,0,0,0,0,0,0,0,Matches
435,Memphis,nl NED,"FW,MF",es Barcelona,28,1994,1,0,16,0.2,0,0,0,0,0,0,0,0,0,0,0,0,0,Matches
436,Sun Menachem,il ISR,DF,il Maccabi Haifa,28,1993,4,0,59,0.7,0,0,0,0,0,0,1,0,0,0,0,0,0,Matches
437,Nuno Mendes,pt POR,"MF,DF",fr Paris Saint-Germain,20,2002,6,5,439,4.9,1,0,1,1,0,0,0,0,0.21,0,0.21,0.21,0.21,Matches
438,Edouard Mendy,sn SEN,GK,eng Chelsea,30,1992,1,1,90,1,0,0,0,0,0,0,0,0,0,0,0,0,0,Matches
439,Ferland Mendy,fr FRA,DF,es Real Madrid,27,1995,5,4,347,3.9,0,0,0,0,0,0,1,0,0,0,0,0,0,Matches
440,Alex Meret,it ITA,GK,it Napoli,25,1997,10,10,900,10,0,0,0,0,0,0,0,0,0,0,0,0,0,Matches
441,Lionel Messi,ar ARG,"FW,MF",fr Paris Saint-Germain,35,1987,7,7,613,6.8,4,4,8,4,0,0,0,0,0.59,0.59,1.17,0.59,1.17,Matches
442,Junior Messias,br BRA,MF,it Milan,31,1991,9,2,316,3.5,1,0,1,1,0,0,0,0,0.28,0,0.28,0.28,0.28,Matches
443,Thomas Meunier,be BEL,DF,de Dortmund,30,1991,4,4,352,3.9,0,1,1,0,0,0,1,0,0,0.26,0.26,0,0.26,Matches
444,Alexander Meyer,de GER,GK,de Dortmund,31,1991,5,4,405,4.5,0,0,0,0,0,0,0,0,0,0,0,0,0,Matches
445,Simon Mignolet,be BEL,GK,be Club Brugge,34,1988,8,8,720,8,0,0,0,0,0,0,2,0,0,0,0,0,0,Matches
446,Arkadiusz Milik,pl POL,FW,it Juventus,28,1994,5,3,338,3.8,2,0,2,2,0,0,1,0,0.53,0,0.53,0.53,0.53,Matches
447,Éder Militão,br BRA,DF,es Real Madrid,24,1998,9,9,747,8.3,1,0,1,1,0,0,3,0,0.12,0,0.12,0.12,0.12,Matches
448,James Milner,eng ENG,MF,eng Liverpool,36,1986,8,3,242,2.7,0,0,0,0,0,0,1,0,0,0,0,0,0,Matches
449,Kim Min-jae,kr KOR,DF,it Napoli,25,1996,9,9,785,8.7,0,0,0,0,0,0,3,0,0,0,0,0,0,Matches
450,Rafa Mir,es ESP,FW,es Sevilla,25,1997,3,1,156,1.7,1,0,1,1,0,0,1,0,0.58,0,0.58,0.58,0.58,Matches
Rk,Player,Nation,Pos,Squad,Age,Born,MP,Starts,Min,90s,Gls,Ast,G+A,G-PK,PK,PKatt,CrdY,CrdR,Gls,Ast,G+A,G-PK,G+A-PK,Matches
451,Fabio Miretti,it ITA,"MF,FW",it Juventus,18,2003,5,3,212,2.4,0,0,0,0,0,0,2,0,0,0,0,0,0,Matches
452,Josip Mišić,hr CRO,MF,hr Dinamo Zagreb,28,1994,6,6,519,5.8,0,0,0,0,0,0,1,0,0,0,0,0,0,Matches
453,Henrikh Mkhitaryan,am ARM,MF,it Inter,33,1989,13,11,906,10.1,2,0,2,2,0,0,2,0,0.2,0,0.2,0.2,0.2,Matches
454,Anthony Modeste,fr FRA,FW,de Dortmund,34,1988,7,4,339,3.8,0,0,0,0,0,0,1,0,0,0,0,0,0,Matches
455,Luka Modrić,hr CRO,MF,es Real Madrid,36,1985,10,9,743,8.3,2,1,3,1,1,1,0,0,0.24,0.12,0.36,0.12,0.24,Matches
456,Ali Mohamed,ne NIG,MF,il Maccabi Haifa,26,1995,5,5,356,4,0,0,0,0,0,0,0,0,0,0,0,0,0,Matches
457,Sadegh Moharrami,ir IRN,"DF,MF",hr Dinamo Zagreb,26,1996,6,5,408,4.5,0,0,0,0,0,0,2,0,0,0,0,0,0,Matches
458,Nahuel Molina,ar ARG,"DF,MF",es Atlético Madrid,24,1998,6,6,467,5.2,0,0,0,0,0,0,0,0,0,0,0,0,0,Matches
459,Gonzalo Montiel,ar ARG,DF,es Sevilla,25,1997,4,2,226,2.5,1,0,1,1,0,0,2,0,0.4,0,0.4,0.4,0.4,Matches
460,Aaron Mooy,au AUS,MF,sct Celtic,31,1990,5,1,153,1.7,0,0,0,0,0,0,0,0,0,0,0,0,0,Matches
461,Álvaro Morata,es ESP,FW,es Atlético Madrid,29,1992,5,4,294,3.3,0,0,0,0,0,0,0,0,0,0,0,0,0,Matches
462,Morato,br BRA,DF,pt Benfica,21,2001,2,1,107,1.2,0,0,0,0,0,0,0,0,0,0,0,0,0,Matches
463,Alfredo Morelos,co COL,FW,sct Rangers,26,1996,5,3,256,2.8,0,0,0,0,0,0,1,0,0,0,0,0,0,Matches
464,Hidemasa Morita,jp JPN,MF,pt Sporting CP,27,1995,5,5,331,3.7,0,1,1,0,0,0,2,0,0,0.27,0.27,0,0.27,Matches
465,Jhon Mosquera,co COL,MF,cz Viktoria Plzeň,32,1990,5,5,431,4.8,0,1,1,0,0,0,3,0,0,0.21,0.21,0,0.21,Matches
466,Youssoufa Moukoko,de GER,FW,de Dortmund,17,2004,6,2,242,2.7,0,2,2,0,0,0,0,0,0,0.74,0.74,0,0.74,Matches
467,Mason Mount,eng ENG,MF,eng Chelsea,23,1999,9,5,441,4.9,0,2,2,0,0,0,3,0,0,0.41,0.41,0,0.41,Matches
468,Lucas Moura,br BRA,"MF,FW",eng Tottenham Hotspur,29,1992,3,2,175,1.9,0,0,0,0,0,0,0,0,0,0,0,0,0,Matches
469,Mykhailo Mudryk,ua UKR,MF,eng Chelsea,21,2001,2,1,94,1,0,0,0,0,0,0,1,0,0,0,0,0,0,Matches
470,Mykhailo Mudryk,ua UKR,"MF,FW",ua Shakhtar Donetsk,21,2001,6,6,516,5.7,3,2,5,3,0,0,2,0,0.52,0.35,0.87,0.52,0.87,Matches
471,Paul Mukairu,ng NGA,"FW,MF",dk FC Copenhagen,22,2000,3,0,44,0.5,0,0,0,0,0,0,0,0,0,0,0,0,0,Matches
472,Nordi Mukiele,fr FRA,MF,fr Paris Saint-Germain,24,1997,4,1,111,1.2,0,0,0,0,0,0,0,0,0,0,0,0,0,Matches
473,Thomas Müller,de GER,MF,de Bayern Munich,32,1989,8,4,367,4.1,1,1,2,1,0,0,0,0,0.25,0.25,0.49,0.25,0.49,Matches
474,Petar Musa,hr CRO,FW,pt Benfica,24,1998,5,0,129,1.4,2,0,2,2,0,0,1,0,1.4,0,1.4,1.4,1.4,Matches
475,Jamal Musiala,de GER,MF,de Bayern Munich,19,2003,9,7,528,5.9,0,2,2,0,0,0,0,0,0,0.34,0.34,0,0.34,Matches
Rk,Player,Nation,Pos,Squad,Age,Born,MP,Starts,Min,90s,Gls,Ast,G+A,G-PK,PK,PKatt,CrdY,CrdR,Gls,Ast,G+A,G-PK,G+A-PK,Matches
476,Bohdan Mykhaylychenko,ua UKR,DF,ua Shakhtar Donetsk,25,1997,4,4,360,4,0,2,2,0,0,0,1,0,0,0.5,0.5,0,0.5,Matches
477,Obite N'Dicka,ci CIV,DF,de Eintracht Frankfurt,22,1999,8,8,720,8,0,1,1,0,0,0,2,0,0,0.12,0.12,0,0.12,Matches
478,Nacho,es ESP,DF,es Real Madrid,32,1990,8,4,440,4.9,0,0,0,0,0,0,0,0,0,0,0,0,0,Matches
479,Jesús Navas,es ESP,"MF,DF",es Sevilla,36,1985,3,3,224,2.5,0,0,0,0,0,0,0,0,0,0,0,0,0,Matches
480,Flávio Nazinho,pt POR,"DF,MF",pt Sporting CP,19,2003,3,0,120,1.3,0,0,0,0,0,0,0,0,0,0,0,0,0,Matches
481,Tanguy Ndombele,fr FRA,MF,it Napoli,25,1996,9,3,373,4.1,1,1,2,1,0,0,0,0,0.24,0.24,0.48,0.24,0.48,Matches
482,David Neres,br BRA,"MF,FW",pt Benfica,25,1997,9,4,444,4.9,3,1,4,3,0,0,2,0,0.61,0.2,0.81,0.61,0.81,Matches
483,Luís Neto,pt POR,DF,pt Sporting CP,34,1988,1,0,39,0.4,0,0,0,0,0,0,0,0,0,0,0,0,0,Matches
484,Manuel Neuer,de GER,GK,de Bayern Munich,36,1986,3,3,270,3,0,0,0,0,0,0,0,0,0,0,0,0,0,Matches
485,João Neves,pt POR,MF,pt Benfica,17,2004,3,0,29,0.3,0,1,1,0,0,0,0,0,0,3.1,3.1,0,3.1,Matches
486,Neymar,br BRA,"FW,MF",fr Paris Saint-Germain,30,1992,6,6,539,6,2,2,4,2,0,0,4,0,0.33,0.33,0.67,0.33,0.67,Matches
487,Tanguy Nianzou,fr FRA,DF,es Sevilla,20,2002,2,2,180,2,1,0,1,1,0,0,0,0,0.5,0,0.5,0.5,0.5,Matches
488,Casper Nielsen,dk DEN,"MF,FW",be Club Brugge,28,1994,8,7,645,7.2,0,1,1,0,0,0,2,0,0,0.14,0.14,0,0.14,Matches
489,Saúl Ñíguez,es ESP,MF,es Atlético Madrid,27,1994,5,4,281,3.1,0,0,0,0,0,0,0,0,0,0,0,0,0,Matches
490,Christopher Nkunku,fr FRA,"MF,FW",de RB Leipzig,24,1997,7,6,562,6.2,3,1,4,3,0,0,1,0,0.48,0.16,0.64,0.48,0.64,Matches
491,Hugo Novoa,es ESP,"DF,MF",de RB Leipzig,19,2003,1,0,3,0,0,0,0,0,0,0,0,0,0,0,0,0,0,Matches
492,Darwin Núñez,uy URU,FW,eng Liverpool,23,1999,8,5,399,4.4,4,1,5,4,0,0,1,0,0.9,0.23,1.13,0.9,1.13,Matches
493,Antonio Nusa,no NOR,"FW,MF",be Club Brugge,17,2005,4,0,57,0.6,1,0,1,1,0,0,0,0,1.58,0,1.58,1.58,1.58,Matches
494,Matt O'Riley,dk DEN,MF,sct Celtic,21,2000,6,6,481,5.3,0,0,0,0,0,0,2,0,0,0,0,0,0,Matches
495,Jan Oblak,si SVN,GK,es Atlético Madrid,29,1993,5,5,450,5,0,0,0,0,0,0,0,0,0,0,0,0,0,Matches
496,Lucas Ocampos,ar ARG,"FW,MF",nl Ajax,28,1994,2,0,17,0.2,0,0,0,0,0,0,0,0,0,0,0,0,0,Matches
497,Oleh Ocheretko,ua UKR,MF,ua Shakhtar Donetsk,19,2003,1,0,14,0.2,0,0,0,0,0,0,0,0,0,0,0,0,0,Matches
498,Denis Odoi,gh GHA,"DF,MF",be Club Brugge,34,1988,7,6,523,5.8,0,0,0,0,0,0,4,0,0,0,0,0,0,Matches
499,Noah Okafor,ch SUI,FW,at RB Salzburg,22,2000,6,6,465,5.2,3,0,3,2,1,1,1,0,0.58,0,0.58,0.39,0.39,Matches
500,Mathías Olivera,uy URU,DF,it Napoli,24,1997,8,5,514,5.7,0,2,2,0,0,0,1,0,0,0.35,0.35,0,0.35,Matches
Rk,Player,Nation,Pos,Squad,Age,Born,MP,Starts,Min,90s,Gls,Ast,G+A,G-PK,PK,PKatt,CrdY,CrdR,Gls,Ast,G+A,G-PK,G+A-PK,Matches
501,Dani Olmo,es ESP,"FW,MF",de RB Leipzig,24,1998,3,0,65,0.7,0,0,0,0,0,0,0,0,0,0,0,0,0,Matches
502,André Onana,cm CMR,GK,it Inter,26,1996,13,13,"1,170",13,0,0,0,0,0,0,2,0,0,0,0,0,0,Matches
503,Raphael Onyedika,ng NGA,MF,be Club Brugge,21,2001,7,6,567,6.3,0,0,0,0,0,0,3,0,0,0,0,0,0,Matches
504,Willi Orban,hu HUN,DF,de RB Leipzig,29,1992,8,8,720,8,0,0,0,0,0,0,0,0,0,0,0,0,0,Matches
505,Divock Origi,be BEL,"FW,MF",it Milan,27,1995,8,0,154,1.7,0,0,0,0,0,0,1,0,0,0,0,0,0,Matches
506,Mislav Oršić,hr CRO,"FW,MF",hr Dinamo Zagreb,29,1992,6,6,490,5.4,2,0,2,2,0,0,1,0,0.37,0,0.37,0.37,0.37,Matches
507,Stefan Ortega,de GER,GK,eng Manchester City,29,1992,2,2,180,2,0,0,0,0,0,0,0,0,0,0,0,0,0,Matches
508,Victor Osimhen,ng NGA,FW,it Napoli,23,1998,6,5,421,4.7,5,0,5,5,0,1,1,0,1.07,0,1.07,1.07,1.07,Matches
509,Nicolás Otamendi,ar ARG,DF,pt Benfica,34,1988,9,9,793,8.8,0,1,1,0,0,0,3,0,0,0.11,0.11,0,0.11,Matches
510,Otávio,pt POR,MF,pt Porto,27,1995,7,6,526,5.8,0,2,2,0,0,0,3,1,0,0.34,0.34,0,0.34,Matches
511,Alex Oxlade-Chamberlain,eng ENG,"FW,MF",eng Liverpool,28,1993,1,0,18,0.2,0,0,0,0,0,0,0,0,0,0,0,0,0,Matches
512,Salih Özcan,tr TUR,MF,de Dortmund,24,1998,7,7,541,6,0,1,1,0,0,0,4,0,0,0.17,0.17,0,0.17,Matches
513,Exequiel Palacios,ar ARG,MF,de Leverkusen,23,1998,2,1,90,1,0,0,0,0,0,0,2,0,0,0,0,0,0,Matches
514,Cole Palmer,eng ENG,MF,eng Manchester City,20,2002,4,1,138,1.5,0,0,0,0,0,0,0,0,0,0,0,0,0,Matches
515,Antonios Papadopoulos,de GER,"DF,MF",de Dortmund,22,1999,2,0,10,0.1,0,0,0,0,0,0,0,0,0,0,0,0,0,Matches
516,Leandro Paredes,ar ARG,MF,it Juventus,28,1994,4,4,354,3.9,0,1,1,0,0,0,1,0,0,0.25,0.25,0,0.25,Matches
517,Felix Passlack,de GER,DF,de Dortmund,24,1998,1,1,90,1,0,1,1,0,0,0,0,0,0,1,1,0,1,Matches
518,Remko Pasveer,nl NED,GK,nl Ajax,38,1983,6,6,540,6,0,0,0,0,0,0,0,0,0,0,0,0,0,Matches
519,Paulinho,pt POR,"MF,FW",pt Sporting CP,29,1992,5,2,236,2.6,1,0,1,1,0,0,1,0,0.38,0,0.38,0.38,0.38,Matches
520,Paulinho,br BRA,"FW,MF",de Leverkusen,22,2000,2,0,49,0.5,0,0,0,0,0,0,1,0,0,0,0,0,0,Matches
521,Benjamin Pavard,fr FRA,DF,de Bayern Munich,26,1996,9,7,592,6.6,2,0,2,2,0,0,4,1,0.3,0,0.3,0.3,0.3,Matches
522,Strahinja Pavlović,rs SRB,DF,at RB Salzburg,21,2001,6,6,540,6,0,0,0,0,0,0,2,0,0,0,0,0,0,Matches
523,Dimitri Payet,fr FRA,MF,fr Marseille,35,1987,2,1,77,0.9,0,0,0,0,0,0,0,0,0,0,0,0,0,Matches
524,Pedri,es ESP,"MF,FW",es Barcelona,19,2002,5,5,401,4.5,0,0,0,0,0,0,0,0,0,0,0,0,0,Matches
525,Luca Pellegrini,it ITA,MF,de Eintracht Frankfurt,23,1999,4,1,201,2.2,0,0,0,0,0,0,1,0,0,0,0,0,0,Matches
Rk,Player,Nation,Pos,Squad,Age,Born,MP,Starts,Min,90s,Gls,Ast,G+A,G-PK,PK,PKatt,CrdY,CrdR,Gls,Ast,G+A,G-PK,G+A-PK,Matches
526,Iñaki Peña,es ESP,GK,es Barcelona,23,1999,1,1,90,1,0,0,0,0,0,0,0,0,0,0,0,0,0,Matches
527,Pepe,pt POR,DF,pt Porto,39,1983,4,4,360,4,0,0,0,0,0,0,0,0,0,0,0,0,0,Matches
528,Pepê,br BRA,"DF,MF",pt Porto,25,1997,8,8,685,7.6,0,0,0,0,0,0,4,1,0,0,0,0,0,Matches
529,Danilo Pereira,pt POR,"DF,MF",fr Paris Saint-Germain,30,1991,7,5,450,5,0,0,0,0,0,0,0,0,0,0,0,0,0,Matches
530,Dino Perić,hr CRO,DF,hr Dinamo Zagreb,28,1994,6,6,540,6,0,0,0,0,0,0,0,0,0,0,0,0,0,Matches
531,Mattia Perin,it ITA,GK,it Juventus,29,1992,2,2,180,2,0,0,0,0,0,0,1,0,0,0,0,0,0,Matches
532,Ivan Perišić,hr CRO,MF,eng Tottenham Hotspur,33,1989,7,7,572,6.4,0,3,3,0,0,0,0,0,0,0.47,0.47,0,0.47,Matches
533,Luděk Pernica,cz CZE,DF,cz Viktoria Plzeň,32,1990,6,5,495,5.5,0,0,0,0,0,0,2,0,0,0,0,0,0,Matches
534,Bruno Petković,hr CRO,FW,hr Dinamo Zagreb,27,1994,6,6,490,5.4,1,2,3,1,0,0,1,0,0.18,0.37,0.55,0.18,0.55,Matches
535,Ivan Petryak,ua UKR,MF,ua Shakhtar Donetsk,28,1994,6,1,180,2,0,0,0,0,0,0,0,0,0,0,0,0,0,Matches
536,Kalvin Phillips,eng ENG,"DF,MF",eng Manchester City,26,1995,3,0,41,0.5,0,0,0,0,0,0,0,0,0,0,0,0,0,Matches
537,Frantzdy Pierrot,ht HAI,FW,il Maccabi Haifa,27,1995,6,6,481,5.3,0,2,2,0,0,0,1,0,0,0.37,0.37,0,0.37,Matches
538,Václav Pilař,cz CZE,MF,cz Viktoria Plzeň,33,1988,5,1,123,1.4,0,0,0,0,0,0,0,0,0,0,0,0,0,Matches
539,Rodrigo Pinho,br BRA,FW,pt Benfica,31,1991,2,0,15,0.2,0,0,0,0,0,0,0,0,0,0,0,0,0,Matches
540,Gerard Piqué,es ESP,DF,es Barcelona,35,1987,4,2,258,2.9,0,0,0,0,0,0,0,0,0,0,0,0,0,Matches
541,Tommaso Pobega,it ITA,MF,it Milan,23,1999,8,0,163,1.8,1,0,1,1,0,0,1,0,0.55,0,0.55,0.55,0.55,Matches
542,Suf Podgoreanu,il ISR,MF,il Maccabi Haifa,20,2002,1,0,12,0.1,0,0,0,0,0,0,0,0,0,0,0,0,0,Matches
543,Matteo Politano,it ITA,"FW,MF",it Napoli,28,1993,9,6,403,4.5,1,1,2,0,1,1,2,0,0.22,0.22,0.45,0,0.22,Matches
544,Pedro Porro,es ESP,MF,pt Sporting CP,22,1999,5,4,392,4.4,0,1,1,0,0,0,1,0,0,0.23,0.23,0,0.23,Matches
545,Pedro Porro,es ESP,"DF,MF",eng Tottenham Hotspur,22,1999,1,0,38,0.4,0,0,0,0,0,0,0,0,0,0,0,0,0,Matches
546,Yussuf Poulsen,dk DEN,"FW,MF",de RB Leipzig,28,1994,5,0,72,0.8,0,0,0,0,0,0,0,0,0,0,0,0,0,Matches
547,Christian Pulisic,us USA,MF,eng Chelsea,23,1998,5,1,113,1.3,0,1,1,0,0,0,0,0,0,0.8,0.8,0,0.8,Matches
548,Adrien Rabiot,fr FRA,MF,it Juventus,27,1995,5,5,446,5,2,0,2,2,0,0,0,0,0.4,0,0.4,0.4,0.4,Matches
549,Ivan Rakitić,hr CRO,MF,es Sevilla,34,1988,6,6,418,4.6,0,1,1,0,0,0,0,0,0,0.22,0.22,0,0.22,Matches
550,Gonçalo Ramos,pt POR,FW,pt Benfica,21,2001,10,10,712,7.9,3,1,4,3,0,0,2,0,0.38,0.13,0.51,0.38,0.51,Matches
Rk,Player,Nation,Pos,Squad,Age,Born,MP,Starts,Min,90s,Gls,Ast,G+A,G-PK,PK,PKatt,CrdY,CrdR,Gls,Ast,G+A,G-PK,G+A-PK,Matches
551,Sergio Ramos,es ESP,DF,fr Paris Saint-Germain,36,1986,8,8,720,8,0,0,0,0,0,0,2,0,0,0,0,0,0,Matches
552,Calvin Ramsay,sct SCO,DF,eng Liverpool,19,2003,1,0,4,0,0,0,0,0,0,0,0,0,0,0,0,0,0,Matches
553,Raphinha,br BRA,FW,es Barcelona,25,1996,5,4,294,3.3,0,2,2,0,0,0,0,0,0,0.61,0.61,0,0.61,Matches
554,Giacomo Raspadori,it ITA,FW,it Napoli,22,2000,7,3,250,2.8,4,3,7,4,0,0,1,0,1.44,1.08,2.52,1.44,2.52,Matches
555,David Raum,de GER,DF,de RB Leipzig,24,1998,8,6,531,5.9,0,0,0,0,0,0,0,0,0,0,0,0,0,Matches
556,Ante Rebić,hr CRO,MF,it Milan,28,1993,7,2,249,2.8,0,0,0,0,0,0,0,0,0,0,0,0,0,Matches
557,Matheus Reis,br BRA,"DF,MF",pt Sporting CP,27,1995,6,5,509,5.7,0,0,0,0,0,0,2,0,0,0,0,0,0,Matches
558,Karim Rekik,nl NED,DF,es Sevilla,27,1994,1,1,90,1,0,0,0,0,0,0,0,0,0,0,0,0,0,Matches
559,Devyne Rensch,nl NED,DF,nl Ajax,19,2003,4,3,287,3.2,0,0,0,0,0,0,1,0,0,0,0,0,0,Matches
560,Marco Reus,de GER,"MF,FW",de Dortmund,33,1989,3,3,262,2.9,1,1,2,1,0,0,0,0,0.34,0.34,0.69,0.34,0.69,Matches
561,Gio Reyna,us USA,"MF,FW",de Dortmund,19,2002,6,3,383,4.3,0,2,2,0,0,0,0,0,0,0.47,0.47,0,0.47,Matches
562,Richarlison,br BRA,"MF,FW",eng Tottenham Hotspur,25,1997,6,4,365,4.1,2,0,2,2,0,0,0,0,0.49,0,0.49,0.49,0.49,Matches
563,Stefan Ristovski,mk MKD,"DF,MF",hr Dinamo Zagreb,30,1992,5,5,370,4.1,0,0,0,0,0,0,1,0,0,0,0,0,0,Matches
564,Mats Rits,be BEL,MF,be Club Brugge,29,1993,1,0,17,0.2,0,0,0,0,0,0,0,0,0,0,0,0,0,Matches
565,Sergi Roberto,es ESP,DF,es Barcelona,30,1992,3,3,206,2.3,0,2,2,0,0,0,1,0,0,0.87,0.87,0,0.87,Matches
566,Andrew Robertson,sct SCO,DF,eng Liverpool,28,1994,5,4,378,4.2,0,2,2,0,0,0,0,0,0,0.48,0.48,0,0.48,Matches
567,Rochinha,pt POR,"FW,MF",pt Sporting CP,27,1995,1,0,18,0.2,0,0,0,0,0,0,0,0,0,0,0,0,0,Matches
568,Sebastian Rode,de GER,MF,de Eintracht Frankfurt,31,1990,6,3,299,3.3,0,1,1,0,0,0,0,0,0,0.3,0.3,0,0.3,Matches
569,Rodri,es ESP,"MF,DF",eng Manchester City,26,1996,12,11,995,11.1,2,0,2,2,0,0,1,0,0.18,0,0.18,0.18,0.18,Matches
570,Rodrygo,br BRA,FW,es Real Madrid,21,2001,12,10,819,9.1,5,2,7,3,2,2,0,0,0.55,0.22,0.77,0.33,0.55,Matches
571,Cristian Romero,ar ARG,DF,eng Tottenham Hotspur,24,1998,7,7,598,6.6,0,0,0,0,0,0,4,1,0,0,0,0,0,Matches
572,Valentin Rongier,fr FRA,MF,fr Marseille,27,1994,6,5,471,5.2,0,0,0,0,0,0,0,0,0,0,0,0,0,Matches
573,Tom Rothe,de GER,DF,de Dortmund,17,2004,3,1,61,0.7,0,0,0,0,0,0,0,0,0,0,0,0,0,Matches
574,Amir Rrahmani,xk KVX,DF,it Napoli,28,1994,7,7,613,6.8,0,0,0,0,0,0,2,0,0,0,0,0,0,Matches
575,Antonio Rüdiger,de GER,DF,es Real Madrid,29,1993,10,6,678,7.5,1,0,1,1,0,0,0,0,0.13,0,0.13,0.13,0.13,Matches
Rk,Player,Nation,Pos,Squad,Age,Born,MP,Starts,Min,90s,Gls,Ast,G+A,G-PK,PK,PKatt,CrdY,CrdR,Gls,Ast,G+A,G-PK,G+A-PK,Matches
576,Daniele Rugani,it ITA,DF,it Juventus,28,1994,1,1,90,1,0,0,0,0,0,0,0,0,0,0,0,0,0,Matches
577,Mário Rui,pt POR,DF,it Napoli,31,1991,6,5,386,4.3,0,1,1,0,0,0,1,0,0,0.23,0.23,0,0.23,Matches
578,Fabián Ruiz Peña,es ESP,MF,fr Paris Saint-Germain,26,1996,7,3,238,2.6,0,0,0,0,0,0,1,0,0,0,0,0,0,Matches
579,Nikita Rukavytsya,au AUS,"FW,MF",il Maccabi Haifa,35,1987,6,0,47,0.5,0,0,0,0,0,0,0,0,0,0,0,0,0,Matches
580,Mathew Ryan,au AUS,GK,dk FC Copenhagen,30,1992,2,2,180,2,0,0,0,0,0,0,0,0,0,0,0,0,0,Matches
581,Julian Ryerson,no NOR,"DF,MF",de Dortmund,24,1997,1,0,18,0.2,0,0,0,0,0,0,1,0,0,0,0,0,0,Matches
582,Marcel Sabitzer,at AUT,MF,de Bayern Munich,28,1994,6,3,280,3.1,0,0,0,0,0,0,3,0,0,0,0,0,0,Matches
583,Alexis Saelemaekers,be BEL,"MF,FW",it Milan,23,1999,8,4,371,4.1,2,0,2,2,0,0,1,0,0.49,0,0.49,0.49,0.49,Matches
584,Fashion Sakala,zm ZAM,MF,sct Rangers,25,1997,4,2,235,2.6,0,0,0,0,0,0,0,0,0,0,0,0,0,Matches
585,Mohamed Salah,eg EGY,"FW,MF",eng Liverpool,30,1992,8,7,624,6.9,8,2,10,7,1,1,0,0,1.15,0.29,1.44,1.01,1.3,Matches
586,Kike Salas,es ESP,DF,es Sevilla,20,2002,2,2,180,2,0,0,0,0,0,0,1,0,0,0,0,0,0,Matches
587,Renato Sanches,pt POR,MF,fr Paris Saint-Germain,24,1997,3,1,141,1.6,0,0,0,0,0,0,0,0,0,0,0,0,0,Matches
588,Alexis Sánchez,cl CHI,FW,fr Marseille,33,1988,5,5,418,4.6,2,1,3,2,0,0,0,0,0.43,0.22,0.65,0.43,0.65,Matches
589,Davinson Sánchez,co COL,DF,eng Tottenham Hotspur,26,1996,2,0,21,0.2,0,0,0,0,0,0,0,0,0,0,0,0,0,Matches
590,Cisse Sandra,be BEL,MF,be Club Brugge,18,2003,1,0,8,0.1,0,0,0,0,0,0,0,0,0,0,0,0,0,Matches
591,Alex Sandro,br BRA,DF,it Juventus,31,1991,4,2,239,2.7,0,0,0,0,0,0,1,0,0,0,0,0,0,Matches
592,James Sands,us USA,"DF,MF",sct Rangers,22,2000,4,4,324,3.6,0,0,0,0,0,0,2,1,0,0,0,0,0,Matches
593,Leroy Sané,de GER,MF,de Bayern Munich,26,1996,8,7,552,6.1,4,1,5,4,0,0,0,0,0.65,0.16,0.82,0.65,0.82,Matches
594,Nuno Santos,pt POR,MF,pt Sporting CP,27,1995,6,5,295,3.3,1,0,1,1,0,0,1,0,0.31,0,0.31,0.31,0.31,Matches
595,Zaidu Sanusi,ng NGA,DF,pt Porto,25,1997,8,7,585,6.5,1,0,1,1,0,0,0,0,0.15,0,0.15,0.15,0.15,Matches
596,Alvaro Sanz,es ESP,MF,es Barcelona,21,2001,1,0,14,0.2,0,0,0,0,0,0,0,0,0,0,0,0,0,Matches
597,Pablo Sarabia,es ESP,FW,fr Paris Saint-Germain,30,1992,3,1,91,1,0,0,0,0,0,0,1,0,0,0,0,0,0,Matches
598,Stefan Savić,me MNE,DF,es Atlético Madrid,31,1991,3,3,270,3,0,0,0,0,0,0,3,0,0,0,0,0,0,Matches
599,Patrik Schick,cz CZE,FW,de Leverkusen,26,1996,5,5,446,5,0,0,0,0,0,1,0,0,0,0,0,0,0,Matches
600,Andreas Schjelderup,no NOR,"FW,MF",pt Benfica,18,2004,1,0,2,0,0,0,0,0,0,0,0,0,0,0,0,0,0,Matches
Rk,Player,Nation,Pos,Squad,Age,Born,MP,Starts,Min,90s,Gls,Ast,G+A,G-PK,PK,PKatt,CrdY,CrdR,Gls,Ast,G+A,G-PK,G+A-PK,Matches
601,Xaver Schlager,at AUT,MF,de RB Leipzig,24,1997,7,7,583,6.5,0,0,0,0,0,0,1,0,0,0,0,0,0,Matches
602,Nico Schlotterbeck,de GER,DF,de Dortmund,22,1999,8,6,561,6.2,0,0,0,0,0,0,0,0,0,0,0,0,0,Matches
603,Abdoulaye Seck,sn SEN,DF,il Maccabi Haifa,30,1992,6,4,397,4.4,2,0,2,2,0,0,2,0,0.45,0,0.45,0.45,0.45,Matches
604,Nicolas Seiwald,at AUT,MF,at RB Salzburg,21,2001,6,6,540,6,1,0,1,1,0,0,0,0,0.17,0,0.17,0.17,0.17,Matches
605,Benjamin Šeško,si SVN,FW,at RB Salzburg,19,2003,6,3,330,3.7,0,0,0,0,0,0,0,0,0,0,0,0,0,Matches
606,Ryan Sessegnon,eng ENG,MF,eng Tottenham Hotspur,22,2000,3,2,155,1.7,0,0,0,0,0,0,1,0,0,0,0,0,0,Matches
607,Maryan Shved,ua UKR,"FW,MF",ua Shakhtar Donetsk,25,1997,3,3,187,2.1,2,0,2,2,0,0,0,0,0.96,0,0.96,0.96,0.96,Matches
608,Danylo Sikan,ua UKR,FW,ua Shakhtar Donetsk,21,2001,4,0,104,1.2,0,1,1,0,0,0,1,0,0,0.87,0.87,0,0.87,Matches
609,André Silva,pt POR,FW,de RB Leipzig,26,1995,8,6,533,5.9,3,3,6,3,0,0,0,0,0.51,0.51,1.01,0.51,1.01,Matches
610,António Silva,pt POR,DF,pt Benfica,18,2003,10,10,894,9.9,2,0,2,2,0,0,1,0,0.2,0,0.2,0.2,0.2,Matches
611,Bernardo Silva,pt POR,"MF,FW",eng Manchester City,27,1994,13,9,911,10.1,3,1,4,3,0,0,2,0,0.3,0.1,0.4,0.3,0.4,Matches
612,Rafa Silva,pt POR,"MF,FW",pt Benfica,29,1993,10,10,819,9.1,5,2,7,5,0,0,1,0,0.55,0.22,0.77,0.55,0.77,Matches
613,Thiago Silva,br BRA,DF,eng Chelsea,37,1984,8,7,640,7.1,0,0,0,0,0,0,2,0,0,0,0,0,0,Matches
614,Mohamed Simakan,fr FRA,DF,de RB Leipzig,22,2000,7,6,511,5.7,1,3,4,1,0,0,1,0,0.18,0.53,0.7,0.18,0.7,Matches
615,Giovanni Simeone,ar ARG,FW,it Napoli,27,1995,7,2,263,2.9,4,0,4,4,0,0,0,0,1.37,0,1.37,1.37,1.37,Matches
616,Roko Simic,hr CRO,FW,at RB Salzburg,18,2003,2,0,18,0.2,0,0,0,0,0,0,0,0,0,0,0,0,0,Matches
617,Oliver Skipp,eng ENG,MF,eng Tottenham Hotspur,21,2000,4,2,211,2.3,0,0,0,0,0,0,1,0,0,0,0,0,0,Matches
618,Leo Skiri Østigård,no NOR,DF,it Napoli,22,1999,3,2,197,2.2,1,0,1,1,0,0,0,0,0.46,0,0.46,0.46,0.46,Matches
619,Andreas Skov Olsen,dk DEN,"FW,MF",be Club Brugge,22,1999,5,4,295,3.3,1,1,2,1,0,0,0,0,0.31,0.31,0.61,0.31,0.61,Matches
620,Milan Škriniar,sk SVK,DF,it Inter,27,1995,8,6,536,6,0,0,0,0,0,0,0,0,0,0,0,0,0,Matches
621,Hrvoje Smolčić,hr CRO,DF,de Eintracht Frankfurt,21,2000,3,1,122,1.4,0,0,0,0,0,0,2,0,0,0,0,0,0,Matches
622,Eduard Sobol,ua UKR,MF,be Club Brugge,27,1995,4,1,109,1.2,0,0,0,0,0,0,1,0,0,0,0,0,0,Matches
623,Carlos Soler,es ESP,MF,fr Paris Saint-Germain,25,1997,6,2,155,1.7,1,0,1,1,0,0,0,0,0.58,0,0.58,0.58,0.58,Matches
624,Oumar Solet,fr FRA,DF,at RB Salzburg,22,2000,4,4,266,3,0,0,0,0,0,0,0,0,0,0,0,0,0,Matches
625,Yann Sommer,ch SUI,GK,de Bayern Munich,33,1988,4,4,360,4,0,0,0,0,0,0,0,0,0,0,0,0,0,Matches
Rk,Player,Nation,Pos,Squad,Age,Born,MP,Starts,Min,90s,Gls,Ast,G+A,G-PK,PK,PKatt,CrdY,CrdR,Gls,Ast,G+A,G-PK,G+A-PK,Matches
626,Matìas Soulé,ar ARG,"FW,MF",it Juventus,19,2003,3,0,44,0.5,0,0,0,0,0,0,0,0,0,0,0,0,0,Matches
627,Djibril Sow,ch SUI,MF,de Eintracht Frankfurt,25,1997,8,8,720,8,0,0,0,0,0,0,1,0,0,0,0,0,0,Matches
628,Kamal Sowah,gh GHA,"FW,MF",be Club Brugge,22,2000,7,7,591,6.6,2,0,2,2,0,0,4,1,0.3,0,0.3,0.3,0.3,Matches
629,Dario Špikić,hr CRO,"MF,FW",hr Dinamo Zagreb,23,1999,6,1,167,1.9,0,0,0,0,0,0,0,0,0,0,0,0,0,Matches
630,Jorne Spileers,be BEL,DF,be Club Brugge,17,2005,1,0,2,0,0,0,0,0,0,0,0,0,0,0,0,0,0,Matches
631,Jerry St. Juste,nl NED,DF,pt Sporting CP,25,1996,4,3,189,2.1,0,0,0,0,0,0,1,0,0,0,0,0,0,Matches
632,Marko Stamenic,nz NZL,MF,dk FC Copenhagen,20,2002,3,3,269,3,0,0,0,0,0,0,3,0,0,0,0,0,0,Matches
633,Jindřich Staněk,cz CZE,GK,cz Viktoria Plzeň,26,1996,5,5,450,5,0,0,0,0,0,0,0,0,0,0,0,0,0,Matches
634,Josip Stanišić,hr CRO,DF,de Bayern Munich,22,2000,8,3,349,3.9,0,0,0,0,0,0,2,0,0,0,0,0,0,Matches
635,Carl Starfelt,se SWE,DF,sct Celtic,27,1995,1,1,90,1,0,0,0,0,0,0,0,0,0,0,0,0,0,Matches
636,Orri Steinn Óskarsson,is ISL,FW,dk FC Copenhagen,17,2004,2,0,22,0.2,0,0,0,0,0,0,0,0,0,0,0,0,0,Matches
637,Taras Stepanenko,ua UKR,MF,ua Shakhtar Donetsk,32,1989,6,6,532,5.9,0,0,0,0,0,0,1,0,0,0,0,0,0,Matches
638,Raheem Sterling,eng ENG,"MF,FW",eng Chelsea,27,1994,9,8,630,7,3,1,4,3,0,0,1,0,0.43,0.14,0.57,0.43,0.57,Matches
639,John Stones,eng ENG,"DF,MF",eng Manchester City,28,1994,8,8,684,7.6,1,1,2,1,0,0,0,0,0.13,0.13,0.26,0.13,0.26,Matches
640,Luka Sučić,hr CRO,"MF,FW",at RB Salzburg,19,2002,5,5,398,4.4,0,0,0,0,0,0,2,0,0,0,0,0,0,Matches
641,Heorhiy Sudakov,ua UKR,MF,ua Shakhtar Donetsk,19,2002,6,6,480,5.3,0,2,2,0,0,0,0,0,0,0.37,0.37,0,0.37,Matches
642,Niklas Süle,de GER,DF,de Dortmund,26,1995,8,7,675,7.5,0,0,0,0,0,0,2,0,0,0,0,0,0,Matches
643,Daniel Sundgren,se SWE,DF,il Maccabi Haifa,31,1990,4,4,324,3.6,0,0,0,0,0,0,0,0,0,0,0,0,0,Matches
644,Suso,es ESP,"MF,FW",es Sevilla,28,1993,6,3,237,2.6,0,0,0,0,0,0,0,0,0,0,0,0,0,Matches
645,Josip Šutalo,hr CRO,DF,hr Dinamo Zagreb,22,2000,6,6,540,6,0,0,0,0,0,0,0,0,0,0,0,0,0,Matches
646,Jan Sýkora,cz CZE,"MF,FW",cz Viktoria Plzeň,28,1993,2,2,148,1.6,1,0,1,1,0,0,1,0,0.61,0,0.61,0.61,0.61,Matches
647,Abakar Sylla,ci CIV,DF,be Club Brugge,19,2002,6,6,492,5.5,1,0,1,1,0,0,4,0,0.18,0,0.18,0.18,0.18,Matches
648,Wojciech Szczęsny,pl POL,GK,it Juventus,32,1990,4,4,360,4,0,0,0,0,0,0,0,0,0,0,0,0,0,Matches
649,Dominik Szoboszlai,hu HUN,MF,de RB Leipzig,21,2000,8,8,653,7.3,1,2,3,1,0,0,0,0,0.14,0.28,0.41,0.14,0.41,Matches
650,Christian Sørensen,dk DEN,DF,dk FC Copenhagen,29,1992,5,1,102,1.1,0,0,0,0,0,0,1,0,0,0,0,0,0,Matches
Rk,Player,Nation,Pos,Squad,Age,Born,MP,Starts,Min,90s,Gls,Ast,G+A,G-PK,PK,PKatt,CrdY,CrdR,Gls,Ast,G+A,G-PK,G+A-PK,Matches
651,Dušan Tadić,rs SRB,FW,nl Ajax,33,1988,5,5,432,4.8,0,1,1,0,0,0,2,1,0,0.21,0.21,0,0.21,Matches
652,Jonathan Tah,de GER,DF,de Leverkusen,26,1996,6,5,481,5.3,0,0,0,0,0,0,1,0,0,0,0,0,0,Matches
653,Japhet Tanganga,eng ENG,DF,eng Tottenham Hotspur,23,1999,1,0,18,0.2,0,0,0,0,0,0,0,0,0,0,0,0,0,Matches
654,Edmond Tapsoba,bf BFA,DF,de Leverkusen,23,1999,5,4,349,3.9,0,0,0,0,0,0,0,0,0,0,0,0,0,Matches
655,Mehdi Taremi,ir IRN,FW,pt Porto,30,1992,7,7,611,6.8,5,2,7,3,2,2,2,1,0.74,0.29,1.03,0.44,0.74,Matches
656,Ciprian Tătărușanu,ro ROU,GK,it Milan,36,1986,5,5,450,5,0,0,0,0,0,0,0,0,0,0,0,0,0,Matches
657,Nuno Tavares,pt POR,"MF,DF",fr Marseille,22,2000,6,6,540,6,0,0,0,0,0,0,1,0,0,0,0,0,0,Matches
658,James Tavernier,eng ENG,DF,sct Rangers,30,1991,6,6,486,5.4,1,0,1,0,1,1,1,0,0.19,0,0.19,0,0,Matches
659,Greg Taylor,sct SCO,DF,sct Celtic,24,1997,6,6,540,6,0,0,0,0,0,0,0,0,0,0,0,0,0,Matches
660,Kenneth Taylor,nl NED,MF,nl Ajax,20,2002,6,5,417,4.6,0,1,1,0,0,0,2,0,0,0.22,0.22,0,0.22,Matches
661,Lucas Taylor,br BRA,DF,ua Shakhtar Donetsk,27,1995,5,3,312,3.5,0,0,0,0,0,0,1,0,0,0,0,0,0,Matches
662,Mavis Tchibota,cg CGO,FW,il Maccabi Haifa,26,1996,4,1,93,1,0,0,0,0,0,0,1,0,0,0,0,0,0,Matches
663,Aurélien Tchouaméni,fr FRA,MF,es Real Madrid,22,2000,10,5,432,4.8,0,0,0,0,0,0,0,0,0,0,0,0,0,Matches
664,Mathys Tel,fr FRA,"FW,MF",de Bayern Munich,17,2005,5,0,145,1.6,0,0,0,0,0,0,0,0,0,0,0,0,0,Matches
665,Alex Telles,br BRA,"DF,FW",es Sevilla,29,1992,6,4,391,4.3,0,1,1,0,0,0,0,0,0,0.23,0.23,0,0.23,Matches
666,Marc-André ter Stegen,de GER,GK,es Barcelona,30,1992,5,5,450,5,0,0,0,0,0,0,0,0,0,0,0,0,0,Matches
667,Kévin Théophile-Catherine,fr FRA,DF,hr Dinamo Zagreb,32,1989,1,1,75,0.8,0,0,0,0,0,0,0,0,0,0,0,0,0,Matches
668,Malick Thiaw,de GER,DF,it Milan,20,2001,4,3,275,3.1,0,0,0,0,0,0,2,0,0,0,0,0,0,Matches
669,Mohamed Tijani,bj BEN,DF,cz Viktoria Plzeň,25,1997,3,2,168,1.9,0,0,0,0,0,0,0,0,0,0,0,0,0,Matches
670,Malik Tillman,us USA,"MF,FW",sct Rangers,20,2002,5,4,244,2.7,0,0,0,0,0,0,0,0,0,0,0,0,0,Matches
671,Jurriën Timber,nl NED,DF,nl Ajax,21,2001,6,6,529,5.9,0,0,0,0,0,0,2,0,0,0,0,0,0,Matches
672,Fikayo Tomori,eng ENG,DF,it Milan,24,1997,10,10,827,9.2,0,0,0,0,0,0,4,1,0,0,0,0,0,Matches
673,Sandro Tonali,it ITA,MF,it Milan,22,2000,12,12,"1,051",11.7,0,2,2,0,0,0,3,0,0,0.17,0.17,0,0.17,Matches
674,Pablo Torre,es ESP,MF,es Barcelona,19,2003,3,1,95,1.1,1,0,1,1,0,0,1,0,0.95,0,0.95,0.95,0.95,Matches
675,Ferrán Torres,es ESP,FW,es Barcelona,22,2000,5,1,188,2.1,3,1,4,3,0,0,1,0,1.44,0.48,1.91,1.44,1.91,Matches
Rk,Player,Nation,Pos,Squad,Age,Born,MP,Starts,Min,90s,Gls,Ast,G+A,G-PK,PK,PKatt,CrdY,CrdR,Gls,Ast,G+A,G-PK,G+A-PK,Matches
676,Andriy Totovytskyi,ua UKR,MF,ua Shakhtar Donetsk,29,1993,1,0,17,0.2,0,0,0,0,0,0,0,0,0,0,0,0,0,Matches
677,Kevin Trapp,de GER,GK,de Eintracht Frankfurt,32,1990,8,8,720,8,0,0,0,0,0,0,0,0,0,0,0,0,0,Matches
678,Francisco Trincão,pt POR,"FW,MF",pt Sporting CP,22,1999,6,5,386,4.3,2,0,2,2,0,0,0,0,0.47,0,0.47,0.47,0.47,Matches
679,Anatolii Trubin,ua UKR,GK,ua Shakhtar Donetsk,20,2001,6,6,540,6,0,0,0,0,0,0,1,0,0,0,0,0,0,Matches
680,Kostas Tsimikas,gr GRE,DF,eng Liverpool,26,1996,6,4,342,3.8,0,2,2,0,0,0,1,0,0,0.53,0.53,0,0.53,Matches
681,David Turnbull,sct SCO,MF,sct Celtic,23,1999,5,0,103,1.1,0,0,0,0,0,0,0,0,0,0,0,0,0,Matches
682,Tuta,br BRA,DF,de Eintracht Frankfurt,23,1999,7,7,599,6.7,0,0,0,0,0,0,2,1,0,0,0,0,0,Matches
683,Marián Tvrdoň,sk SVK,GK,cz Viktoria Plzeň,27,1994,1,1,90,1,0,0,0,0,0,0,0,0,0,0,0,0,0,Matches
684,Manuel Ugarte,uy URU,MF,pt Sporting CP,21,2001,6,6,467,5.2,0,0,0,0,0,0,2,0,0,0,0,0,0,Matches
685,Andreas Ulmer,at AUT,DF,at RB Salzburg,36,1985,6,4,375,4.2,0,0,0,0,0,0,1,0,0,0,0,0,0,Matches
686,Sven Ulreich,de GER,GK,de Bayern Munich,33,1988,3,3,270,3,0,0,0,0,0,0,0,0,0,0,0,0,0,Matches
687,Cengiz Ünder,tr TUR,FW,fr Marseille,25,1997,6,1,173,1.9,0,0,0,0,0,0,1,0,0,0,0,0,0,Matches
688,Dayot Upamecano,fr FRA,DF,de Bayern Munich,23,1998,10,9,713,7.9,0,0,0,0,0,0,2,0,0,0,0,0,0,Matches
689,Mateus Uribe,co COL,MF,pt Porto,31,1991,7,7,610,6.8,1,0,1,0,1,1,3,0,0.15,0,0.15,0,0,Matches
690,Jesús Vallejo,es ESP,DF,es Real Madrid,25,1997,1,0,18,0.2,0,0,0,0,0,0,0,0,0,0,0,0,0,Matches
691,Federico Valverde,uy URU,"MF,FW",es Real Madrid,24,1998,11,11,967,10.7,2,3,5,2,0,0,0,0,0.19,0.28,0.47,0.19,0.47,Matches
692,Virgil van Dijk,nl NED,DF,eng Liverpool,31,1991,8,8,720,8,0,1,1,0,0,0,1,0,0,0.12,0.12,0,0.12,Matches
693,Hans Vanaken,be BEL,MF,be Club Brugge,29,1992,8,8,703,7.8,0,0,0,0,0,0,1,0,0,0,0,0,0,Matches
694,Denis Vavro,sk SVK,DF,dk FC Copenhagen,26,1996,4,4,360,4,0,0,0,0,0,0,1,0,0,0,0,0,0,Matches
695,Lucas Vázquez,es ESP,DF,es Real Madrid,31,1991,5,2,202,2.2,0,1,1,0,0,0,1,0,0,0.45,0.45,0,0.45,Matches
696,Jordan Veretout,fr FRA,MF,fr Marseille,29,1993,6,6,485,5.4,0,1,1,0,0,0,2,0,0,0.19,0.19,0,0.19,Matches
697,Lucas Veríssimo,br BRA,DF,pt Benfica,27,1995,2,0,6,0.1,0,0,0,0,0,0,0,0,0,0,0,0,0,Matches
698,Gabriel Veron,br BRA,"FW,MF",pt Porto,19,2002,3,0,47,0.5,0,0,0,0,0,0,0,0,0,0,0,0,0,Matches
699,Marco Verratti,it ITA,MF,fr Paris Saint-Germain,29,1992,7,7,623,6.9,0,1,1,0,0,0,4,0,0,0.14,0.14,0,0.14,Matches
700,Vitinha,pt POR,MF,fr Paris Saint-Germain,22,2000,8,7,584,6.5,0,0,0,0,0,0,0,0,0,0,0,0,0,Matches
Rk,Player,Nation,Pos,Squad,Age,Born,MP,Starts,Min,90s,Gls,Ast,G+A,G-PK,PK,PKatt,CrdY,CrdR,Gls,Ast,G+A,G-PK,G+A-PK,Matches
701,Odysseas Vlachodimos,gr GRE,GK,pt Benfica,28,1994,10,10,900,10,0,0,0,0,0,0,0,0,0,0,0,0,0,Matches
702,Dušan Vlahović,rs SRB,FW,it Juventus,22,2000,5,5,411,4.6,1,1,2,1,0,0,0,0,0.22,0.22,0.44,0.22,0.44,Matches
703,Adam Vlkanova,cz CZE,MF,cz Viktoria Plzeň,27,1994,6,6,458,5.1,1,1,2,1,0,0,0,0,0.2,0.2,0.39,0.2,0.39,Matches
704,Stefan de Vrij,nl NED,DF,it Inter,30,1992,7,3,299,3.3,0,0,0,0,0,0,1,0,0,0,0,0,0,Matches
705,Kyle Walker,eng ENG,DF,eng Manchester City,32,1990,5,3,282,3.1,0,0,0,0,0,0,0,0,0,0,0,0,0,Matches
706,Paul Wanner,at AUT,MF,de Bayern Munich,16,2005,2,0,36,0.4,0,0,0,0,0,0,0,0,0,0,0,0,0,Matches
707,Stephen Welsh,sct SCO,DF,sct Celtic,22,2000,1,1,90,1,0,0,0,0,0,0,0,0,0,0,0,0,0,Matches
708,Wendell,br BRA,DF,pt Porto,29,1993,6,1,143,1.6,0,0,0,0,0,0,0,0,0,0,0,0,0,Matches
709,Timo Werner,de GER,"MF,FW",de RB Leipzig,26,1996,8,7,500,5.6,2,2,4,2,0,0,1,0,0.36,0.36,0.72,0.36,0.72,Matches
710,Owen Wijndal,nl NED,DF,nl Ajax,22,1999,2,1,76,0.8,0,1,1,0,0,0,0,0,0,1.18,1.18,0,1.18,Matches
711,Josh Wilson-Esbrand,eng ENG,DF,eng Manchester City,19,2002,2,0,46,0.5,0,0,0,0,0,0,0,0,0,0,0,0,0,Matches
712,Axel Witsel,be BEL,"MF,DF",es Atlético Madrid,33,1989,6,5,462,5.1,0,1,1,0,0,0,0,0,0,0.19,0.19,0,0.19,Matches
713,Maximilian Wöber,at AUT,DF,at RB Salzburg,24,1998,3,2,165,1.8,0,1,1,0,0,0,0,0,0,0.55,0.55,0,0.55,Matches
714,Marius Wolf,de GER,DF,de Dortmund,27,1995,4,2,176,2,0,0,0,0,0,0,1,0,0,0,0,0,0,Matches
715,Scott Wright,sct SCO,MF,sct Rangers,24,1997,4,2,136,1.5,0,0,0,0,0,0,0,0,0,0,0,0,0,Matches
716,Roman Yaremchuk,ua UKR,FW,be Club Brugge,26,1995,4,1,112,1.2,0,0,0,0,0,0,1,0,0,0,0,0,0,Matches
717,Rıdvan Yılmaz,tr TUR,DF,sct Rangers,21,2001,1,1,90,1,0,0,0,0,0,0,0,0,0,0,0,0,0,Matches
718,Warren Zaïre-Emery,fr FRA,MF,fr Paris Saint-Germain,16,2006,3,1,83,0.9,0,0,0,0,0,0,0,0,0,0,0,0,0,Matches
719,Denis Zakaria,ch SUI,MF,eng Chelsea,25,1996,2,1,74,0.8,1,0,1,1,0,0,0,0,1.22,0,1.22,1.22,1.22,Matches
720,Andre-Frank Zambo Anguissa,cm CMR,MF,it Napoli,26,1995,8,8,650,7.2,1,3,4,1,0,0,2,1,0.14,0.42,0.55,0.14,0.55,Matches
721,Alessandro Zanoli,it ITA,MF,it Napoli,21,2000,2,0,12,0.1,0,0,0,0,0,0,0,0,0,0,0,0,0,Matches
722,Zeca,gr GRE,MF,dk FC Copenhagen,33,1988,2,2,161,1.8,0,0,0,0,0,0,0,0,0,0,0,0,0,Matches
723,Alessio Zerbin,it ITA,"FW,MF",it Napoli,23,1999,3,0,56,0.6,0,0,0,0,0,0,0,0,0,0,0,0,0,Matches
724,Piotr Zieliński,pl POL,MF,it Napoli,28,1994,10,8,619,6.9,4,2,6,2,2,3,1,0,0.58,0.29,0.87,0.29,0.58,Matches
725,Hakim Ziyech,ma MAR,MF,eng Chelsea,29,1993,4,1,148,1.6,0,0,0,0,0,0,1,0,0,0,0,0,0,Matches
Rk,Player,Nation,Pos,Squad,Age,Born,MP,Starts,Min,90s,Gls,Ast,G+A,G-PK,PK,PKatt,CrdY,CrdR,Gls,Ast,G+A,G-PK,G+A-PK,Matches
726,Oleksandr Zubkov,ua UKR,"MF,FW",ua Shakhtar Donetsk,25,1996,5,5,365,4.1,2,0,2,2,0,0,1,0,0.49,0,0.49,0.49,0.49,Matches
727,Neven Đurasek,hr CRO,MF,ua Shakhtar Donetsk,23,1998,5,0,91,1,0,0,0,0,0,0,1,0,0,0,0,0,0,Matches